QuarterID,ScoreID,Number,Name,AwayTeamScore,HomeTeamScore
10563,18608,1,1,6,0
10564,18608,2,2,10,7
10565,18608,3,3,0,7
10566,18608,4,4,0,7
10567,18639,1,1,0,3
10568,18639,2,2,7,0
10569,18639,3,3,6,0
10570,18639,4,4,7,6
10571,18646,1,1,3,0
10572,18646,2,2,7,7
10573,18646,3,3,3,10
10574,18646,4,4,0,7
10575,18632,1,1,7,3
10581,18632,2,2,14,13
10587,18632,3,3,9,3
10592,18632,4,4,6,0
10582,18647,2,2,7,0
10578,18647,1,1,6,3
10586,18647,3,3,0,11
10591,18647,4,4,3,7
10577,18635,1,1,0,0
10579,18635,2,2,6,0
10583,18635,3,3,0,0
10588,18635,4,4,13,3
10589,18645,4,4,0,10
10584,18645,3,3,10,0
10580,18645,2,2,10,7
10576,18645,1,1,7,0
10585,18642,1,1,0,2
10590,18642,2,2,14,0
10594,18642,3,3,3,7
10596,18642,4,4,0,6
10597,18622,3,3,0,3
10598,18622,4,4,7,15
10595,18622,2,2,10,0
10593,18622,1,1,0,0
10600,18618,1,1,0,7
10602,18618,2,2,7,3
10603,18618,3,3,6,7
10605,18618,4,4,6,6
10606,18620,4,4,0,3
10604,18620,3,3,0,6
10601,18620,2,2,10,0
10599,18620,1,1,7,14
10607,18648,1,1,3,0
10608,18648,2,2,10,0
10610,18648,3,3,0,0
10612,18648,4,4,14,0
10613,18629,3,3,0,3
10611,18629,2,2,6,7
10609,18629,1,1,8,0
10615,18629,4,4,14,13
10616,18617,2,2,10,10
10617,18617,3,3,0,7
10614,18617,1,1,3,0
10619,18617,4,4,6,3
10620,18619,2,2,17,7
10621,18619,3,3,0,7
10622,18619,4,4,14,3
10618,18619,1,1,3,0
10623,18637,1,1,0,14
10624,18637,2,2,7,3
10625,18637,3,3,14,0
10626,18637,4,4,3,9
10627,18652,1,1,0,7
10628,18652,2,2,7,7
10629,18652,3,3,0,10
10630,18652,4,4,0,10
10631,18611,1,1,2,3
10632,18611,2,2,6,0
10633,18611,3,3,7,7
10634,18611,4,4,3,8
10635,18649,1,1,0,7
10637,18649,2,2,3,14
10639,18649,3,3,3,0
10641,18649,4,4,13,0
10642,18633,4,4,7,3
10640,18633,3,3,3,7
10638,18633,2,2,3,3
10636,18633,1,1,0,0
10643,18630,1,1,3,0
10644,18630,2,2,9,0
10645,18630,3,3,6,7
10646,18630,4,4,7,0
10647,18614,1,1,7,0
10648,18614,2,2,14,3
10649,18614,3,3,7,0
10650,18614,4,4,0,0
10651,18612,1,1,0,14
10660,18612,3,3,0,6
10653,18612,2,2,0,7
10665,18612,4,4,15,0
10669,18613,4,4,7,17
10655,18613,2,2,7,7
10661,18613,3,3,3,0
10652,18613,1,1,0,0
10654,18650,1,1,0,0
10670,18650,3,3,0,0
10659,18650,2,2,10,6
10674,18650,4,4,3,0
10679,18624,4,4,7,0
10663,18624,2,2,10,7
10656,18624,1,1,7,0
10673,18624,3,3,14,3
10658,18640,1,1,7,7
10666,18640,2,2,7,10
10680,18640,4,4,0,0
10675,18640,3,3,7,0
10664,18625,2,2,0,9
10657,18625,1,1,7,0
10672,18625,3,3,10,0
10678,18625,4,4,7,7
10662,18626,1,1,3,3
10668,18626,2,2,3,0
10676,18626,3,3,7,6
10681,18626,4,4,7,12
10671,18615,2,2,13,10
10667,18615,1,1,7,0
10683,18615,3,3,7,7
10684,18615,4,4,7,0
10685,18643,3,3,7,0
10686,18643,4,4,0,5
10682,18643,2,2,7,14
10677,18643,1,1,0,3
10687,18616,1,1,0,0
10688,18616,2,2,13,10
10689,18616,3,3,3,0
10690,18616,4,4,6,7
10691,18607,1,1,7,3
10692,18607,2,2,7,14
10693,18607,3,3,7,3
10694,18607,4,4,7,9
10695,18636,1,1,17,0
10697,18636,2,2,7,0
10699,18636,3,3,0,0
10700,18636,4,4,0,0
10701,18604,3,3,7,0
10702,18604,4,4,3,0
10698,18604,2,2,10,3
10696,18604,1,1,7,10
10703,18605,1,1,0,10
10705,18605,2,2,20,0
10707,18605,3,3,0,7
10711,18605,4,4,6,0
10708,18627,3,3,0,0
10706,18627,2,2,7,7
10710,18627,4,4,0,10
10704,18627,1,1,0,6
10709,18628,1,1,7,6
10712,18628,2,2,3,0
10713,18628,3,3,10,6
10714,18628,4,4,3,0
10717,18621,1,1,7,0
10719,18621,2,2,10,10
10725,18621,3,3,0,3
10729,18621,4,4,7,8
10728,18641,4,4,8,7
10720,18641,2,2,7,9
10723,18641,3,3,0,0
10715,18641,1,1,0,3
10718,18638,1,1,22,3
10722,18638,2,2,7,13
10726,18638,3,3,0,14
10730,18638,4,4,3,3
10727,18623,4,4,9,0
10724,18623,3,3,6,0
10721,18623,2,2,0,3
10716,18623,1,1,3,14
10732,18651,1,1,14,0
10734,18651,2,2,0,13
10740,18651,3,3,3,3
10743,18651,4,4,15,8
10742,18634,4,4,9,7
10737,18634,3,3,0,7
10733,18634,2,2,3,7
10731,18634,1,1,7,0
10738,18631,2,2,3,17
10736,18631,1,1,3,0
10746,18631,3,3,6,14
10749,18631,4,4,6,0
10744,18609,3,3,3,3
10739,18609,2,2,3,3
10735,18609,1,1,7,14
10748,18609,4,4,7,6
10741,18644,1,1,0,7
10745,18644,2,2,13,14
10750,18644,3,3,3,7
10752,18644,4,4,0,3
10753,18610,3,3,0,0
10754,18610,4,4,0,14
10751,18610,2,2,0,10
10747,18610,1,1,0,17
10755,18606,1,1,7,0
10756,18606,2,2,3,7
10757,18606,3,3,7,3
10758,18606,4,4,0,3
10759,18343,1,1,7,0
10760,18343,2,2,0,14
10761,18343,3,3,7,3
10762,18343,4,4,7,3
10764,18486,1,1,0,0
10779,18486,3,3,3,3
10771,18486,2,2,7,7
10787,18486,4,4,0,14
10790,18493,4,4,3,3
10766,18493,1,1,0,7
10780,18493,3,3,0,15
10775,18493,2,2,6,0
10768,18487,1,1,0,0
10773,18487,2,2,0,10
10791,18487,4,4,0,11
10784,18487,3,3,3,3
10792,18488,4,4,14,0
10772,18488,2,2,7,7
10769,18488,1,1,7,0
10781,18488,3,3,3,14
10782,18489,3,3,7,0
10776,18489,2,2,7,10
10788,18489,4,4,3,7
10763,18489,1,1,3,0
10785,18490,3,3,0,10
10793,18490,4,4,6,0
10778,18490,2,2,3,3
10770,18490,1,1,6,3
10767,18491,1,1,10,0
10774,18491,2,2,10,7
10794,18491,4,4,3,0
10786,18491,3,3,7,0
10789,18492,4,4,0,10
10777,18492,2,2,10,3
10783,18492,3,3,3,0
10765,18492,1,1,3,7
10799,18494,1,1,7,3
10804,18494,2,2,3,3
10813,18494,4,4,14,6
10807,18494,3,3,14,8
10806,18495,3,3,0,0
10810,18495,4,4,7,3
10802,18495,2,2,3,7
10798,18495,1,1,7,6
10800,18497,2,2,13,10
10795,18497,1,1,7,7
10809,18497,3,3,7,7
10814,18497,4,4,9,10
10808,18496,3,3,3,0
10812,18496,4,4,6,6
10797,18496,1,1,16,0
10803,18496,2,2,0,14
10805,18498,3,3,10,0
10801,18498,2,2,0,10
10796,18498,1,1,7,3
10811,18498,4,4,13,0
10815,18499,1,1,16,0
10816,18499,2,2,10,0
10817,18499,3,3,7,0
10818,18499,4,4,7,0
10819,18344,1,1,3,0
10820,18344,2,2,10,3
10821,18344,3,3,0,3
10822,18344,4,4,3,10
10823,18344,5,OT,0,6
10824,18556,1,1,0,3
10825,18556,2,2,7,10
10826,18556,3,3,7,14
10827,18556,4,4,14,7
10828,18557,1,1,0,3
10841,18557,2,2,10,6
10848,18557,3,3,14,3
10859,18557,4,4,0,13
10847,18558,3,3,0,7
10855,18558,4,4,0,10
10832,18558,1,1,7,7
10840,18558,2,2,3,14
10839,18559,2,2,6,10
10831,18559,1,1,7,0
10856,18559,4,4,7,7
10849,18559,3,3,7,7
10844,18560,3,3,10,7
10853,18560,4,4,14,10
10861,18560,5,OT,6,0
10838,18560,2,2,0,7
10833,18560,1,1,7,7
10835,18564,1,1,14,7
10843,18564,2,2,14,3
10857,18564,4,4,0,10
10850,18564,3,3,3,0
10851,18563,3,3,7,0
10842,18563,2,2,7,6
10858,18563,4,4,3,3
10834,18563,1,1,0,0
10836,18562,2,2,3,10
10830,18562,1,1,7,3
10846,18562,3,3,0,7
10854,18562,4,4,7,7
10845,18561,3,3,0,7
10852,18561,4,4,10,7
10860,18561,5,OT,0,3
10837,18561,2,2,11,10
10829,18561,1,1,3,0
10863,18566,1,1,0,7
10874,18566,4,4,17,0
10870,18566,3,3,14,8
10867,18566,2,2,0,13
10871,18565,3,3,3,0
10875,18565,4,4,10,6
10866,18565,2,2,10,14
10862,18565,1,1,7,3
10864,18567,1,1,0,7
10876,18567,4,4,0,6
10872,18567,3,3,0,6
10868,18567,2,2,10,11
10869,18568,2,2,11,7
10873,18568,3,3,7,3
10877,18568,4,4,14,9
10865,18568,1,1,3,14
10878,18569,1,1,3,0
10879,18569,2,2,14,3
10880,18569,3,3,0,0
10881,18569,4,4,7,14
10882,18570,1,1,3,3
10883,18570,2,2,3,0
10885,18570,3,3,7,3
10887,18570,4,4,7,11
10888,18571,3,3,8,3
10889,18571,4,4,0,7
10886,18571,2,2,11,9
10884,18571,1,1,3,7
10890,18454,1,1,3,3
10891,18454,2,2,3,14
10892,18454,3,3,6,3
10893,18454,4,4,0,10
10897,18463,1,1,0,7
10903,18463,2,2,10,0
10912,18463,3,3,3,7
10921,18463,4,4,6,5
10931,18463,5,OT,3,0
10924,18455,4,4,0,7
10917,18455,3,3,0,7
10905,18455,2,2,3,10
10898,18455,1,1,0,3
10904,18456,2,2,3,10
10913,18456,3,3,0,0
10894,18456,1,1,0,3
10926,18456,4,4,3,7
10923,18457,4,4,0,18
10914,18457,3,3,0,0
10908,18457,2,2,10,0
10899,18457,1,1,7,0
10900,18462,1,1,7,0
10910,18462,2,2,10,0
10918,18462,3,3,7,10
10927,18462,4,4,13,7
10929,18458,4,4,7,21
10902,18458,1,1,7,14
10920,18458,3,3,0,14
10909,18458,2,2,6,21
10906,18459,2,2,7,10
10895,18459,1,1,7,0
10919,18459,3,3,7,7
10928,18459,4,4,7,7
10925,18460,4,4,2,7
10916,18460,3,3,3,0
10896,18460,1,1,3,0
10907,18460,2,2,7,3
10901,18461,1,1,10,0
10911,18461,2,2,6,0
10915,18461,3,3,0,0
10922,18461,4,4,21,3
10930,18464,1,1,3,3
10941,18464,4,4,14,15
10934,18464,2,2,10,9
10937,18464,3,3,0,10
10938,18466,3,3,3,0
10940,18466,4,4,3,7
10933,18466,1,1,3,9
10936,18466,2,2,7,12
10935,18465,2,2,0,27
10939,18465,3,3,0,7
10942,18465,4,4,10,0
10932,18465,1,1,0,7
10943,18467,1,1,7,7
10944,18467,2,2,6,0
10945,18467,3,3,10,0
10946,18467,4,4,0,11
10947,18468,1,1,3,0
10948,18468,2,2,10,3
10951,18468,3,3,9,0
10952,18468,4,4,3,8
10953,18469,3,3,3,10
10954,18469,4,4,7,3
10949,18469,1,1,3,0
10950,18469,2,2,3,6
10955,18500,1,1,14,3
10956,18500,2,2,13,0
10957,18500,3,3,0,8
10958,18500,4,4,7,9
10959,18332,1,1,0,7
10960,18332,2,2,0,10
10961,18332,3,3,7,0
10962,18332,4,4,0,6
10965,18501,1,1,7,14
10977,18501,2,2,7,17
10989,18501,3,3,6,10
10998,18501,4,4,0,7
10991,18508,4,4,0,0
10983,18508,3,3,14,0
10969,18508,1,1,0,7
10973,18508,2,2,7,6
10964,18502,1,1,7,0
10972,18502,2,2,0,21
10990,18502,4,4,17,0
10981,18502,3,3,7,7
10978,18503,2,2,14,0
10968,18503,1,1,7,3
10996,18503,4,4,7,0
10988,18503,3,3,0,0
10995,18509,4,4,0,14
10971,18509,1,1,0,10
10980,18509,2,2,0,6
10987,18509,3,3,6,0
10982,18505,3,3,3,8
10976,18505,2,2,6,0
10966,18505,1,1,14,0
10994,18505,4,4,0,15
11000,18505,5,OT,6,0
10993,18506,4,4,12,3
10970,18506,1,1,0,3
10979,18506,2,2,14,0
10984,18506,3,3,0,3
10985,18507,3,3,0,11
10967,18507,1,1,7,7
10974,18507,2,2,10,3
10997,18507,4,4,14,10
11001,18507,5,OT,0,3
10975,18504,2,2,0,21
10986,18504,3,3,0,3
10992,18504,4,4,0,0
10963,18504,1,1,3,3
11004,18510,2,2,0,17
11007,18510,3,3,3,0
10999,18510,1,1,7,7
11010,18510,4,4,7,0
11009,18511,3,3,0,3
11003,18511,1,1,3,10
11006,18511,2,2,0,18
11012,18511,4,4,0,7
11008,18512,3,3,6,0
11005,18512,2,2,10,14
11002,18512,1,1,0,7
11011,18512,4,4,0,14
11013,18513,1,1,17,0
11014,18513,2,2,3,12
11015,18513,3,3,0,8
11016,18513,4,4,3,0
11017,18514,1,1,7,0
11018,18514,2,2,7,3
11019,18514,3,3,7,0
11020,18514,4,4,3,0
11021,18346,1,1,10,0
11022,18346,2,2,17,3
11023,18346,3,3,0,11
11024,18346,4,4,13,6
11025,18333,1,1,11,0
11026,18333,2,2,0,7
11027,18333,3,3,0,0
11028,18333,4,4,14,13
11034,18347,1,1,3,7
11038,18347,2,2,6,0
11045,18347,3,3,3,0
11051,18347,4,4,7,14
11052,18348,4,4,14,14
11046,18348,3,3,0,0
11040,18348,2,2,10,14
11029,18348,1,1,0,14
11042,18349,3,3,10,7
11036,18349,2,2,3,3
11031,18349,1,1,3,7
11047,18349,4,4,0,6
11049,18350,4,4,3,0
11035,18350,2,2,10,10
11044,18350,3,3,3,14
11030,18350,1,1,0,7
11043,18351,3,3,3,0
11039,18351,2,2,14,0
11032,18351,1,1,7,0
11050,18351,4,4,10,0
11048,18352,4,4,0,14
11033,18352,1,1,7,0
11037,18352,2,2,3,3
11041,18352,3,3,0,0
11054,18354,1,1,10,0
11058,18354,2,2,7,14
11062,18354,3,3,7,6
11066,18354,4,4,10,0
11061,18353,3,3,0,0
11065,18353,4,4,6,0
11057,18353,2,2,10,7
11053,18353,1,1,7,7
11060,18355,2,2,3,6
11063,18355,3,3,10,0
11055,18355,1,1,5,7
11067,18355,4,4,13,8
11068,18356,4,4,0,7
11056,18356,1,1,7,3
11059,18356,2,2,6,10
11064,18356,3,3,14,0
11069,18342,1,1,0,7
11070,18342,2,2,7,14
11071,18342,3,3,3,7
11072,18342,4,4,0,14
11073,18357,1,1,3,0
11074,18357,2,2,0,10
11075,18357,3,3,10,0
11076,18357,4,4,0,7
11077,18358,1,1,0,3
11078,18358,2,2,0,10
11079,18358,3,3,0,3
11080,18358,4,4,8,3
11081,18334,1,1,6,3
11082,18334,2,2,12,0
11083,18334,3,3,0,10
11084,18334,4,4,6,3
11086,18359,1,1,3,7
11095,18359,2,2,14,3
11102,18359,3,3,7,0
11107,18359,4,4,0,6
11108,18360,4,4,0,7
11099,18360,3,3,7,0
11093,18360,2,2,9,6
11089,18360,1,1,3,0
11096,18361,2,2,3,7
11100,18361,3,3,3,0
11085,18361,1,1,7,7
11106,18361,4,4,0,3
11098,18362,2,2,3,7
11105,18362,3,3,0,6
11112,18362,4,4,7,6
11087,18362,1,1,7,0
11091,18366,1,1,7,7
11103,18366,3,3,3,3
11097,18366,2,2,3,10
11111,18366,4,4,0,0
11109,18365,4,4,14,6
11101,18365,3,3,0,10
11092,18365,2,2,3,21
11088,18365,1,1,3,0
11090,18363,1,1,14,0
11104,18363,3,3,0,7
11094,18363,2,2,0,21
11110,18363,4,4,7,14
11113,18367,1,1,0,3
11117,18367,2,2,3,10
11121,18367,3,3,7,3
11125,18367,4,4,7,5
11126,18368,4,4,0,10
11123,18368,3,3,0,10
11118,18368,2,2,6,3
11115,18368,1,1,3,3
11114,18369,1,1,7,0
11119,18369,2,2,7,9
11124,18369,3,3,0,3
11128,18369,4,4,0,8
11122,18364,3,3,7,3
11127,18364,4,4,3,0
11120,18364,2,2,7,3
11116,18364,1,1,3,0
11129,18370,1,1,3,0
11130,18370,2,2,3,0
11131,18370,3,3,0,0
11132,18370,4,4,3,14
11133,18371,1,1,7,7
11134,18371,2,2,3,0
11135,18371,3,3,0,3
11136,18371,4,4,10,7
11137,18515,1,1,7,3
11138,18515,2,2,10,3
11139,18515,3,3,7,3
11140,18515,4,4,7,15
11142,18521,1,1,0,14
11150,18521,2,2,0,14
11156,18521,3,3,0,7
11162,18521,4,4,6,3
11159,18516,4,4,9,9
11154,18516,3,3,0,7
11148,18516,2,2,3,7
11146,18516,1,1,0,7
11145,18517,1,1,7,14
11152,18517,2,2,20,7
11164,18517,4,4,9,10
11158,18517,3,3,3,7
11153,18518,3,3,7,3
11160,18518,4,4,15,13
11144,18518,1,1,0,10
11147,18518,2,2,3,3
11149,18519,2,2,0,14
11157,18519,3,3,7,0
11163,18519,4,4,0,0
11141,18519,1,1,0,0
11143,18520,1,1,7,7
11161,18520,4,4,3,3
11155,18520,3,3,3,0
11151,18520,2,2,3,3
11169,18522,2,2,3,9
11165,18522,1,1,0,0
11173,18522,3,3,7,8
11178,18522,4,4,14,0
11177,18523,4,4,0,3
11174,18523,3,3,0,3
11166,18523,1,1,3,7
11170,18523,2,2,7,7
11167,18524,1,1,0,3
11172,18524,2,2,0,6
11176,18524,3,3,10,7
11180,18524,4,4,7,3
11179,18525,4,4,0,7
11175,18525,3,3,0,0
11168,18525,1,1,3,3
11171,18525,2,2,14,21
11181,18526,1,1,3,3
11182,18526,2,2,7,14
11183,18526,3,3,7,7
11184,18526,4,4,0,7
11185,18527,1,1,0,7
11186,18527,2,2,7,9
11187,18527,3,3,7,6
11188,18527,4,4,3,0
11189,18572,1,1,0,3
11190,18572,2,2,10,14
11191,18572,3,3,0,7
11192,18572,4,4,8,0
11201,18581,1,1,0,0
11202,18581,2,2,7,6
11211,18581,3,3,6,6
11220,18581,4,4,0,3
11222,18573,4,4,3,7
11216,18573,3,3,8,3
11205,18573,2,2,6,16
11195,18573,1,1,3,17
11208,18574,2,2,3,3
11200,18574,1,1,7,0
11217,18574,3,3,14,7
11225,18574,4,4,0,0
11226,18576,4,4,10,7
11218,18576,3,3,7,0
11198,18576,1,1,7,7
11203,18576,2,2,14,13
11204,18577,2,2,0,10
11194,18577,1,1,7,7
11213,18577,3,3,3,7
11223,18577,4,4,7,7
11228,18578,4,4,3,0
11230,18578,5,OT,3,0
11219,18578,3,3,0,7
11210,18578,2,2,0,0
11197,18578,1,1,7,3
11196,18579,1,1,6,0
11209,18579,2,2,3,3
11215,18579,3,3,8,7
11227,18579,4,4,3,0
11224,18575,4,4,14,7
11206,18575,2,2,0,7
11214,18575,3,3,6,7
11193,18575,1,1,3,7
11212,18580,3,3,7,0
11207,18580,2,2,7,10
11199,18580,1,1,3,7
11221,18580,4,4,21,14
11229,18582,1,1,7,17
11234,18582,2,2,7,0
11238,18582,3,3,6,0
11242,18582,4,4,0,7
11240,18584,3,3,7,0
11237,18584,2,2,7,0
11232,18584,1,1,7,7
11245,18584,4,4,10,17
11231,18583,1,1,3,7
11235,18583,2,2,6,7
11241,18583,3,3,0,0
11244,18583,4,4,0,10
11239,18585,3,3,3,0
11243,18585,4,4,14,7
11236,18585,2,2,0,3
11233,18585,1,1,14,7
11246,18586,1,1,0,14
11247,18586,2,2,7,10
11248,18586,3,3,0,6
11249,18586,4,4,6,0
11250,18587,1,1,0,3
11251,18587,2,2,7,13
11252,18587,3,3,7,7
11253,18587,4,4,0,3
11254,18372,1,1,3,7
11255,18372,2,2,10,3
11256,18372,3,3,3,3
11257,18372,4,4,0,7
11258,18335,1,1,0,7
11259,18335,2,2,0,14
11260,18335,3,3,14,0
11261,18335,4,4,0,0
11265,18373,1,1,3,3
11273,18373,2,2,7,8
11279,18373,3,3,11,10
11289,18373,4,4,10,7
11287,18378,4,4,0,7
11282,18378,3,3,0,13
11271,18378,2,2,3,17
11262,18378,1,1,0,0
11263,18374,1,1,0,0
11272,18374,2,2,0,13
11276,18374,3,3,0,7
11285,18374,4,4,0,7
11286,18375,4,4,0,10
11281,18375,3,3,0,3
11269,18375,2,2,3,7
11264,18375,1,1,0,0
11266,18379,1,1,10,7
11275,18379,2,2,7,3
11280,18379,3,3,6,12
11288,18379,4,4,14,17
11277,18376,3,3,10,3
11283,18376,4,4,0,0
11270,18376,2,2,7,14
11268,18376,1,1,3,0
11274,18377,2,2,7,7
11267,18377,1,1,7,7
11284,18377,4,4,0,7
11278,18377,3,3,3,3
11290,18380,1,1,0,0
11299,18380,4,4,7,3
11293,18380,2,2,20,3
11296,18380,3,3,0,7
11297,18381,3,3,0,3
11294,18381,2,2,0,17
11300,18381,4,4,6,3
11291,18381,1,1,0,7
11292,18382,1,1,7,7
11301,18382,4,4,6,0
11295,18382,2,2,10,7
11298,18382,3,3,0,14
11302,18383,1,1,7,14
11303,18383,2,2,0,7
11304,18383,3,3,3,0
11305,18383,4,4,8,3
11306,18384,1,1,14,0
11307,18384,2,2,3,3
11308,18384,3,3,0,3
11309,18384,4,4,10,0
11310,18385,1,1,7,3
11311,18385,2,2,3,6
11312,18385,3,3,0,7
11313,18385,4,4,3,0
11314,18336,1,1,7,3
11315,18336,2,2,0,0
11316,18336,3,3,0,0
11317,18336,4,4,3,3
11318,18391,1,1,3,17
11329,18391,2,2,6,0
11335,18391,3,3,8,7
11341,18391,4,4,16,7
11338,18386,4,4,10,10
11331,18386,3,3,10,10
11326,18386,2,2,10,0
11320,18386,1,1,0,7
11323,18390,1,1,10,0
11328,18390,2,2,3,3
11339,18390,4,4,7,0
11333,18390,3,3,14,0
11334,18387,3,3,8,3
11340,18387,4,4,8,0
11327,18387,2,2,0,21
11321,18387,1,1,3,3
11325,18388,2,2,6,10
11332,18388,3,3,6,3
11319,18388,1,1,7,7
11337,18388,4,4,0,3
11336,18389,4,4,3,3
11330,18389,3,3,0,10
11322,18389,1,1,3,0
11324,18389,2,2,0,7
11342,18392,1,1,0,3
11346,18392,2,2,14,9
11350,18392,3,3,3,10
11354,18392,4,4,6,3
11355,18393,4,4,10,14
11351,18393,3,3,7,7
11347,18393,2,2,14,14
11343,18393,1,1,10,3
11344,18394,1,1,0,7
11352,18394,3,3,7,14
11349,18394,2,2,0,21
11357,18394,4,4,10,7
11356,18395,4,4,14,13
11353,18395,3,3,3,7
11348,18395,2,2,3,6
11345,18395,1,1,6,3
11358,18396,1,1,6,3
11359,18396,2,2,3,3
11360,18396,3,3,0,3
11361,18396,4,4,3,7
11362,18397,1,1,3,0
11363,18397,2,2,12,8
11364,18397,3,3,0,7
11365,18397,4,4,9,7
11366,18528,1,1,3,7
11367,18528,2,2,7,14
11368,18528,3,3,3,6
11369,18528,4,4,7,7
11372,18534,1,1,7,0
11378,18534,2,2,10,3
11390,18534,3,3,0,7
11396,18534,4,4,16,0
11401,18529,4,4,3,3
11387,18529,3,3,7,0
11376,18529,1,1,0,7
11381,18529,2,2,0,3
11371,18530,1,1,7,0
11380,18530,2,2,3,14
11386,18530,3,3,10,0
11397,18530,4,4,6,17
11398,18531,4,4,7,7
11392,18531,3,3,3,6
11382,18531,2,2,7,10
11373,18531,1,1,3,0
11370,18536,1,1,10,7
11385,18536,2,2,0,14
11394,18536,4,4,0,0
11389,18536,3,3,6,0
11395,18535,4,4,7,7
11388,18535,3,3,7,14
11377,18535,1,1,0,7
11379,18535,2,2,0,6
11383,18532,2,2,3,7
11391,18532,3,3,0,6
11400,18532,4,4,0,0
11374,18532,1,1,10,7
11375,18533,1,1,7,3
11393,18533,3,3,0,3
11399,18533,4,4,17,7
11384,18533,2,2,7,6
11405,18537,2,2,7,6
11402,18537,1,1,0,7
11408,18537,3,3,0,14
11410,18537,4,4,7,0
11411,18538,3,3,0,13
11407,18538,2,2,6,10
11413,18538,4,4,0,3
11403,18538,1,1,0,6
11404,18539,1,1,7,0
11406,18539,2,2,6,7
11412,18539,4,4,0,10
11409,18539,3,3,3,0
11414,18540,1,1,0,3
11415,18540,2,2,10,6
11416,18540,3,3,7,0
11417,18540,4,4,3,12
11418,18345,1,1,7,7
11419,18345,2,2,0,10
11420,18345,3,3,7,0
11421,18345,4,4,7,0
11422,18398,1,1,20,6
11423,18398,2,2,3,0
11424,18398,3,3,6,8
11425,18398,4,4,0,8
11426,18399,1,1,0,7
11427,18399,2,2,10,13
11428,18399,3,3,0,0
11429,18399,4,4,0,25
11430,18400,1,1,7,3
11431,18400,2,2,17,0
11432,18400,3,3,0,10
11433,18400,4,4,7,0
11434,18337,1,1,3,0
11435,18337,2,2,14,6
11436,18337,3,3,3,0
11437,18337,4,4,14,7
11441,18401,1,1,3,7
11449,18401,2,2,6,7
11453,18401,3,3,3,0
11459,18401,4,4,3,10
11456,18402,4,4,6,3
11450,18402,3,3,7,0
11445,18402,2,2,3,7
11442,18402,1,1,0,0
11446,18406,2,2,10,7
11439,18406,1,1,3,0
11452,18406,3,3,8,7
11461,18406,4,4,3,7
11455,18404,3,3,0,3
11457,18404,4,4,10,7
11448,18404,2,2,7,7
11443,18404,1,1,3,10
11451,18405,3,3,7,0
11440,18405,1,1,0,0
11447,18405,2,2,0,7
11458,18405,4,4,0,3
11460,18403,4,4,0,0
11454,18403,3,3,7,0
11444,18403,2,2,3,10
11438,18403,1,1,0,7
11463,18408,1,1,7,8
11466,18408,2,2,14,0
11470,18408,3,3,3,0
11473,18408,4,4,13,6
11471,18407,3,3,6,3
11467,18407,2,2,6,7
11462,18407,1,1,0,7
11475,18407,4,4,0,12
11476,18409,4,4,10,0
11468,18409,2,2,14,7
11472,18409,3,3,7,3
11465,18409,1,1,0,7
11474,18410,3,3,7,7
11469,18410,2,2,17,0
11464,18410,1,1,0,7
11477,18410,4,4,7,17
11478,18410,5,OT,3,6
11479,18411,1,1,0,3
11480,18411,2,2,10,0
11481,18411,3,3,3,0
11482,18411,4,4,7,7
11483,18412,1,1,0,0
11484,18412,2,2,3,3
11485,18412,3,3,3,0
11486,18412,4,4,6,7
11487,18413,1,1,7,10
11488,18413,2,2,14,10
11489,18413,3,3,7,7
11490,18413,4,4,7,14
11493,18421,1,1,0,10
11501,18421,2,2,3,3
11507,18421,3,3,7,3
11514,18421,4,4,7,6
11512,18415,4,4,0,0
11505,18415,3,3,0,0
11496,18415,1,1,0,0
11498,18415,2,2,6,0
11494,18416,1,1,21,0
11504,18416,2,2,3,7
11510,18416,3,3,3,14
11515,18416,4,4,6,7
11517,18417,4,4,0,0
11511,18417,3,3,3,3
11492,18417,1,1,0,2
11500,18417,2,2,10,3
11499,18418,2,2,7,0
11509,18418,3,3,7,0
11523,18418,4,4,7,7
11491,18418,1,1,3,3
11506,18414,3,3,9,2
11519,18414,5,OT,6,3
11516,18414,4,4,3,6
11503,18414,2,2,6,7
11495,18414,1,1,7,10
11502,18420,2,2,14,7
11497,18420,1,1,17,0
11513,18420,4,4,7,0
11508,18420,3,3,7,8
11518,18419,1,1,0,7
11522,18419,2,2,3,0
11526,18419,3,3,7,7
11529,18419,4,4,8,7
11525,18422,2,2,3,3
11531,18422,4,4,6,16
11528,18422,3,3,3,7
11520,18422,1,1,7,10
11521,18340,1,1,0,6
11524,18340,2,2,14,0
11530,18340,4,4,14,6
11527,18340,3,3,14,7
11532,18423,1,1,3,7
11533,18423,2,2,3,7
11534,18423,3,3,6,7
11535,18423,4,4,7,6
11536,18424,1,1,0,7
11537,18424,2,2,14,7
11538,18424,3,3,7,14
11539,18424,4,4,10,3
11540,18424,5,OT,3,0
11541,18541,1,1,7,3
11542,18541,2,2,14,7
11543,18541,3,3,0,0
11544,18541,4,4,0,8
11551,18542,1,1,3,3
11553,18542,2,2,9,7
11559,18542,3,3,7,0
11569,18542,4,4,10,15
11564,18548,3,3,2,3
11571,18548,4,4,9,11
11577,18548,5,OT,0,6
11557,18548,2,2,17,10
11550,18548,1,1,3,7
11546,18543,1,1,0,10
11554,18543,2,2,13,0
11570,18543,4,4,0,9
11561,18543,3,3,0,9
11562,18544,3,3,0,14
11568,18544,4,4,0,6
11555,18544,2,2,14,7
11548,18544,1,1,0,7
11549,18545,1,1,0,7
11558,18545,2,2,7,7
11565,18545,3,3,7,7
11572,18545,4,4,13,10
11566,18546,4,4,0,14
11563,18546,3,3,3,0
11556,18546,2,2,3,14
11545,18546,1,1,0,0
11560,18547,3,3,6,14
11547,18547,1,1,0,0
11552,18547,2,2,0,0
11567,18547,4,4,0,16
11573,18549,1,1,0,0
11578,18549,2,2,0,0
11582,18549,3,3,0,0
11586,18549,4,4,3,0
11587,18550,4,4,0,7
11583,18550,3,3,6,7
11579,18550,2,2,0,7
11574,18550,1,1,10,7
11575,18551,1,1,7,0
11580,18551,2,2,7,7
11585,18551,3,3,3,7
11589,18551,4,4,3,3
11584,18552,3,3,7,0
11588,18552,4,4,7,7
11581,18552,2,2,3,0
11576,18552,1,1,7,0
11590,18553,1,1,0,10
11591,18553,2,2,6,14
11592,18553,3,3,7,3
11593,18553,4,4,0,6
11594,18554,1,1,0,7
11596,18554,2,2,10,0
11598,18554,3,3,3,3
11601,18554,4,4,15,17
11599,18555,3,3,3,14
11600,18555,4,4,9,3
11597,18555,2,2,3,7
11595,18555,1,1,7,0
11602,18588,1,1,0,21
11603,18588,2,2,0,21
11604,18588,3,3,7,14
11605,18588,4,4,14,7
11606,18589,1,1,7,3
11607,18589,2,2,0,0
11608,18589,3,3,10,0
11609,18589,4,4,7,21
11610,18589,5,OT,0,3
11611,18592,1,1,6,0
11612,18592,2,2,7,14
11613,18592,3,3,0,10
11614,18592,4,4,0,6
11615,18591,1,1,0,0
11616,18591,2,2,0,21
11617,18591,3,3,10,7
11618,18591,4,4,7,14
11619,18593,1,1,0,0
11629,18593,2,2,7,3
11636,18593,3,3,0,0
11641,18593,4,4,0,6
11646,18590,4,4,0,13
11639,18590,3,3,10,0
11632,18590,2,2,7,7
11620,18590,1,1,0,0
11625,18594,1,1,3,7
11626,18594,2,2,10,3
11640,18594,4,4,7,3
11634,18594,3,3,14,7
11624,18596,1,1,0,7
11638,18596,3,3,0,3
11630,18596,2,2,0,17
11645,18596,4,4,0,3
11644,18603,4,4,0,7
11627,18603,2,2,7,10
11635,18603,3,3,13,0
11622,18603,1,1,7,0
11623,18597,1,1,3,7
11637,18597,3,3,0,10
11628,18597,2,2,3,0
11643,18597,4,4,0,7
11642,18595,4,4,7,3
11649,18595,5,OT,3,0
11631,18595,2,2,3,7
11633,18595,3,3,6,0
11621,18595,1,1,0,6
11647,18599,1,1,14,7
11652,18599,2,2,7,6
11655,18599,3,3,14,3
11658,18599,4,4,10,13
11654,18598,3,3,7,7
11657,18598,4,4,13,8
11651,18598,2,2,0,10
11648,18598,1,1,0,3
11650,18600,1,1,0,7
11653,18600,2,2,3,14
11656,18600,3,3,0,3
11659,18600,4,4,7,7
11660,18602,1,1,3,0
11661,18602,2,2,7,0
11662,18602,3,3,0,7
11663,18602,4,4,13,0
11664,18601,1,1,7,0
11665,18601,2,2,3,3
11666,18601,3,3,7,7
11667,18601,4,4,0,10
11668,18425,1,1,0,7
11669,18425,2,2,7,10
11670,18425,3,3,0,10
11671,18425,4,4,15,3
11672,18426,1,1,0,7
11673,18426,2,2,0,17
11674,18426,3,3,11,7
11675,18426,4,4,0,3
11676,18427,1,1,0,3
11677,18427,2,2,14,7
11678,18427,3,3,7,3
11679,18427,4,4,3,9
11683,18428,1,1,7,7
11686,18428,2,2,0,6
11693,18428,3,3,3,7
11699,18428,4,4,0,9
11700,18432,4,4,10,14
11694,18432,3,3,0,6
11687,18432,2,2,16,7
11682,18432,1,1,7,3
11690,18433,2,2,15,7
11696,18433,3,3,6,0
11680,18433,1,1,7,0
11702,18433,4,4,8,15
11681,18430,1,1,7,7
11701,18430,4,4,7,3
11695,18430,3,3,6,7
11688,18430,2,2,10,7
11685,18431,1,1,0,17
11691,18431,2,2,7,10
11697,18431,3,3,7,0
11703,18431,4,4,14,3
11698,18429,4,4,14,7
11692,18429,3,3,3,0
11684,18429,1,1,0,0
11689,18429,2,2,3,10
11713,18434,4,4,6,0
11704,18434,1,1,0,3
11707,18434,2,2,0,17
11710,18434,3,3,6,10
11708,18435,2,2,7,14
11705,18435,1,1,0,7
11712,18435,3,3,3,3
11714,18435,4,4,6,3
11715,18436,4,4,10,3
11706,18436,1,1,7,3
11709,18436,2,2,0,10
11711,18436,3,3,3,6
11716,18437,1,1,0,7
11717,18437,2,2,3,0
11718,18437,3,3,20,0
11719,18437,4,4,3,16
11720,18341,1,1,3,0
11721,18341,2,2,14,7
11722,18341,3,3,3,0
11723,18341,4,4,0,7
11724,18338,1,1,3,7
11725,18338,2,2,0,13
11726,18338,3,3,15,0
11727,18338,4,4,7,13
11728,18438,1,1,3,5
11729,18438,2,2,13,7
11730,18438,3,3,17,0
11731,18438,4,4,0,7
11732,18439,1,1,7,20
11733,18439,2,2,10,14
11734,18439,3,3,0,0
11735,18439,4,4,3,3
11736,18440,1,1,3,7
11737,18440,2,2,0,0
11738,18440,3,3,7,3
11739,18440,4,4,9,10
11745,18449,1,1,10,7
11756,18449,2,2,3,21
11768,18449,3,3,0,7
11778,18449,4,4,6,21
11777,18441,4,4,7,0
11769,18441,3,3,0,7
11759,18441,2,2,7,7
11746,18441,1,1,7,13
11741,18442,1,1,0,7
11754,18442,2,2,7,14
11767,18442,3,3,3,6
11779,18442,4,4,7,10
11771,18450,4,4,0,3
11749,18450,1,1,0,3
11753,18450,2,2,3,17
11764,18450,3,3,0,3
11762,18443,3,3,7,3
11758,18443,2,2,0,7
11744,18443,1,1,3,7
11772,18443,4,4,10,6
11775,18448,4,4,0,7
11742,18448,1,1,0,3
11763,18448,3,3,0,10
11751,18448,2,2,0,6
11757,18444,2,2,7,10
11743,18444,1,1,7,0
11776,18444,4,4,6,9
11766,18444,3,3,6,6
11761,18445,3,3,15,0
11773,18445,4,4,14,10
11750,18445,2,2,3,14
11740,18445,1,1,3,7
11752,18446,2,2,10,0
11765,18446,3,3,3,0
11747,18446,1,1,7,0
11774,18446,4,4,3,13
11770,18447,4,4,7,0
11748,18447,1,1,10,0
11760,18447,3,3,7,0
11755,18447,2,2,3,10
11780,18451,1,1,7,0
11789,18451,4,4,6,6
11783,18451,2,2,10,14
11786,18451,3,3,7,3
11782,18452,1,1,0,3
11785,18452,2,2,3,10
11788,18452,3,3,3,0
11790,18452,4,4,3,3
11791,18339,4,4,0,9
11781,18339,1,1,3,7
11784,18339,2,2,14,6
11787,18339,3,3,0,3
11792,18453,1,1,10,0
11793,18453,2,2,13,3
11794,18453,3,3,7,0
11795,18453,4,4,3,7
11796,18485,1,1,7,0
11797,18485,2,2,0,7
11798,18485,3,3,0,0
11799,18485,4,4,10,3
11800,18474,1,1,7,3
11801,18474,2,2,7,3
11802,18474,3,3,3,8
11803,18474,4,4,6,5
11809,18484,1,1,0,0
11810,18484,2,2,6,0
11817,18484,3,3,0,0
11822,18484,4,4,3,0
11824,18470,4,4,14,0
11818,18470,3,3,0,7
11813,18470,2,2,0,10
11805,18470,1,1,0,14
11814,18471,2,2,6,0
11807,18471,1,1,0,13
11820,18471,3,3,7,7
11826,18471,4,4,7,10
11827,18477,4,4,11,0
11816,18477,3,3,0,0
11808,18477,1,1,3,0
11812,18477,2,2,3,3
11815,18478,2,2,3,10
11819,18478,3,3,0,14
11825,18478,4,4,0,17
11804,18478,1,1,14,7
11823,18473,4,4,7,0
11821,18473,3,3,0,7
11811,18473,2,2,10,14
11806,18473,1,1,3,7
11834,18480,1,1,3,0
11840,18480,2,2,10,6
11844,18480,3,3,0,7
11852,18480,4,4,8,7
11842,18472,3,3,0,7
11849,18472,4,4,3,3
11836,18472,2,2,3,7
11828,18472,1,1,3,0
11831,18481,1,1,7,0
11846,18481,3,3,0,3
11839,18481,2,2,3,6
11851,18481,4,4,3,3
11847,18475,3,3,0,0
11838,18475,2,2,7,10
11830,18475,1,1,0,7
11854,18475,4,4,7,10
11855,18479,4,4,7,3
11833,18479,1,1,0,3
11841,18479,2,2,0,21
11845,18479,3,3,3,0
11843,18482,3,3,6,0
11850,18482,4,4,8,0
11835,18482,2,2,0,13
11832,18482,1,1,7,7
11829,18483,1,1,7,0
11837,18483,2,2,14,10
11848,18483,3,3,14,0
11853,18483,4,4,3,0
11856,18476,1,1,0,0
11857,18476,2,2,7,14
11858,18476,3,3,0,0
11859,18476,4,4,14,0
11860,18654,1,1,7,10
11861,18654,2,2,7,14
11862,18654,3,3,0,14
11863,18654,4,4,0,7
11864,18658,1,1,0,7
11865,18658,2,2,7,9
11866,18658,3,3,0,3
11867,18658,4,4,0,7
11868,18657,1,1,7,0
11869,18657,2,2,20,7
11870,18657,3,3,14,9
11871,18657,4,4,7,16
11872,18655,1,1,3,14
11873,18655,2,2,14,7
11874,18655,3,3,3,3
11875,18655,4,4,3,0
11876,18659,1,1,0,14
11877,18659,2,2,7,7
11878,18659,3,3,3,3
11879,18659,4,4,7,7
11880,18656,1,1,0,10
11881,18656,2,2,9,6
11882,18656,3,3,0,9
11883,18656,4,4,0,7
11884,18661,1,1,3,3
11885,18661,2,2,7,7
11886,18661,3,3,0,7
11887,18661,4,4,0,17
11888,18660,1,1,3,0
11889,18660,2,2,3,7
11890,18660,3,3,15,7
11891,18660,4,4,0,10
11892,18663,1,1,3,3
11893,18663,2,2,7,7
11894,18663,3,3,7,7
11895,18663,4,4,6,14
11896,18662,1,1,3,3
11897,18662,2,2,10,14
11898,18662,3,3,7,7
11899,18662,4,4,7,0
11900,18665,1,1,7,7
11901,18665,2,2,10,0
11902,18665,3,3,0,0
11903,18665,4,4,0,3
11904,18664,1,1,14,0
11905,18664,2,2,10,7
11906,18664,3,3,0,17
11907,18664,4,4,7,10
11908,18653,1,1,0,0
11909,18653,2,2,0,0
11910,18653,3,3,0,0
11911,18653,4,4,64,59
11912,18666,1,1,0,0
11913,18666,2,2,10,3
11914,18666,3,3,0,10
11915,18666,4,4,9,6
11916,18666,5,OT,3,6
