GameKey,SeasonType,Season,Week,Date,AwayTeam,HomeTeam,AwayScore,HomeScore,PointSpread,OverUnder,AwayScoreQuarter1,AwayScoreQuarter2,AwayScoreQuarter3,AwayScoreQuarter4,AwayScoreOvertime,HomeScoreQuarter1,HomeScoreQuarter2,HomeScoreQuarter3,HomeScoreQuarter4,HomeScoreOvertime,StadiumID,ForecastTempLow,ForecastTempHigh,ForecastDescription,ForecastWindChill,ForecastWindSpeed,AwayTeamMoneyLine,HomeTeamMoneyLine,ScoreID,NeutralVenue,OverPayout,UnderPayout
202320008,2,2023,0,8/3/2023 8:00:00 PM,NYJ,CLE,16,21,2.0,33.5,6,10,0,0,0,0,7,7,7,0,46,64,66,Few Clouds,66,4,-135,112,18608,True,-112,-109
202320121,2,2023,1,8/10/2023 7:00:00 PM,HOU,NE,20,9,3.0,37.0,0,7,6,7,0,3,0,0,6,0,4,66,68,Light Rain,68,4,-164,136,18639,False,-112,-110
202320130,2,2023,1,8/10/2023 10:00:00 PM,MIN,SEA,13,24,-3.5,37.0,3,7,3,0,0,0,7,10,7,0,31,61,65,Broken Clouds,65,4,149,-182,18646,False,-110,-112
202320107,2,2023,1,8/11/2023 7:00:00 PM,GB,CIN,36,19,4.0,35.0,7,14,9,6,0,3,13,3,0,0,5,71,73,Few Clouds,73,5,-192,158,18632,False,-110,-111
202320111,2,2023,1,8/11/2023 7:00:00 PM,NYG,DET,16,21,1.0,35.5,6,7,0,3,0,3,0,11,7,0,21,66,69,Light Rain,69,6,-120,-102,18647,False,-110,-111
202320119,2,2023,1,8/11/2023 7:00:00 PM,ATL,MIA,19,3,-2.5,37.5,0,6,0,13,0,0,0,0,3,0,2,86,87,Few Clouds,86,9,115,-139,18635,False,-106,-115
202320133,2,2023,1,8/11/2023 7:00:00 PM,PIT,TB,27,17,3.0,39.5,7,10,10,0,0,0,7,0,10,0,24,85,86,Few Clouds,85,4,-157,128,18645,False,-111,-110
202320108,2,2023,1,8/11/2023 7:30:00 PM,WAS,CLE,17,15,-2.5,37.5,0,14,3,0,0,2,0,7,6,0,6,67,67,Light Rain,67,10,120,-144,18642,False,-110,-110
202320101,2,2023,1,8/11/2023 10:00:00 PM,DEN,ARI,17,18,5.5,37.0,0,10,0,7,0,0,0,3,15,0,29,92,96,Light Rain,96,11,-258,201,18622,False,-112,-109
202320104,2,2023,1,8/12/2023 1:00:00 PM,IND,BUF,19,23,3.5,37.0,0,7,6,6,0,7,3,7,6,0,1,63,66,Light Rain,66,5,-178,146,18618,False,-112,-109
202320106,2,2023,1,8/12/2023 1:00:00 PM,TEN,CHI,17,23,-3.5,37.0,7,10,0,0,0,14,0,6,3,0,20,71,74,Clear Sky,74,4,144,-178,18620,False,-112,-110
202320105,2,2023,1,8/12/2023 4:00:00 PM,NYJ,CAR,27,0,-3.0,35.0,3,10,0,14,0,0,0,0,0,0,26,75,77,Broken Clouds,75,4,124,-150,18648,False,-110,-110
202320109,2,2023,1,8/12/2023 5:00:00 PM,JAX,DAL,28,23,4.0,37.5,8,6,0,14,0,0,7,3,13,0,17,95,95,Clear Sky,95,15,-185,152,18629,False,-110,-112
202320103,2,2023,1,8/12/2023 7:00:00 PM,PHI,BAL,19,20,-6.0,35.0,3,10,0,6,0,0,10,7,3,0,7,79,80,Broken Clouds,80,7,211,-264,18617,False,-110,-110
202320132,2,2023,1,8/12/2023 9:00:00 PM,LAC,LAR,34,17,-2.5,33.5,3,17,0,14,0,0,7,7,3,0,54,71,72,Scattered Clouds,71,4,120,-146,18619,False,-119,-105
202320122,2,2023,1,8/13/2023 1:00:00 PM,KC,NO,24,26,-1.0,38.0,0,7,14,3,0,14,3,0,9,0,27,84,86,Clear Sky,86,8,100,-122,18637,False,-113,-108
202320125,2,2023,1,8/13/2023 4:00:00 PM,SF,LV,7,34,4.0,36.5,0,7,0,0,0,7,7,10,10,0,53,88,88,Broken Clouds,88,3,-200,161,18652,False,-109,-112
202320226,2,2023,2,8/17/2023 7:30:00 PM,CLE,PHI,18,18,-3.5,36.0,2,6,7,3,0,3,0,7,8,0,18,74,75,Light Rain,75,8,148,-181,18611,False,-110,-110
202320223,2,2023,2,8/18/2023 7:00:00 PM,CAR,NYG,19,21,-3.0,37.5,0,3,3,13,0,7,14,0,0,0,3,66,68,Clear Sky,68,10,141,-175,18649,False,-110,-110
202320202,2,2023,2,8/18/2023 7:30:00 PM,CIN,ATL,13,13,-6.0,38.5,0,3,3,7,0,0,3,7,3,0,45,75,77,Clear Sky,75,4,194,-242,18633,False,-109,-112
202320211,2,2023,2,8/19/2023 1:00:00 PM,JAX,DET,25,7,2.5,37.5,3,9,6,7,0,0,0,7,0,0,21,65,66,Clear Sky,66,5,-146,120,18630,False,-110,-112
202320213,2,2023,2,8/19/2023 4:00:00 PM,MIA,HOU,28,3,-1.0,39.0,7,14,7,0,0,0,3,0,0,0,11,84,86,Broken Clouds,86,7,-104,-119,18614,False,-109,-112
202320228,2,2023,2,8/19/2023 6:30:00 PM,BUF,PIT,15,27,1.5,42.5,0,0,0,15,0,14,7,6,0,0,8,60,62,Few Clouds,62,3,-119,-102,18612,False,-113,-109
202320214,2,2023,2,8/19/2023 7:00:00 PM,CHI,IND,17,24,-5.0,37.0,0,7,3,7,0,0,7,0,17,0,9,67,68,Scattered Clouds,68,6,172,-212,18613,False,-110,-110
202320224,2,2023,2,8/19/2023 7:30:00 PM,TB,NYJ,13,6,-3.0,36.5,0,10,0,3,0,0,6,0,0,0,3,69,69,Clear Sky,69,3,130,-157,18650,False,-112,-110
202320201,2,2023,2,8/19/2023 8:00:00 PM,KC,ARI,38,10,7.5,40.5,7,10,14,7,0,0,7,3,0,0,29,84,84,Scattered Clouds,84,8,-307,243,18624,False,-113,-109
202320212,2,2023,2,8/19/2023 8:00:00 PM,NE,GB,21,17,-2.5,37.0,7,7,7,0,0,7,10,0,0,0,22,70,72,Broken Clouds,72,8,120,-147,18640,False,-115,-106
202320220,2,2023,2,8/19/2023 8:00:00 PM,TEN,MIN,24,16,2.5,38.5,7,0,10,7,0,0,9,0,7,0,42,79,79,Clear Sky,79,9,-142,117,18625,False,-110,-112
202320231,2,2023,2,8/19/2023 8:30:00 PM,DEN,SF,20,21,3.5,40.0,3,3,7,7,0,3,0,6,12,0,37,67,68,Few Clouds,68,4,-164,134,18626,False,-108,-113
202320232,2,2023,2,8/19/2023 9:00:00 PM,LV,LAR,34,17,4.0,40.0,7,13,7,7,0,0,10,7,0,0,54,72,74,Light Rain,72,4,-210,171,18615,False,-109,-113
202320230,2,2023,2,8/19/2023 10:00:00 PM,DAL,SEA,14,22,-7.0,40.5,0,7,7,0,0,3,14,0,5,0,31,59,65,Clear Sky,65,4,216,-272,18643,False,-111,-110
202320229,2,2023,2,8/20/2023 7:05:00 PM,NO,LAC,22,17,3.0,36.5,0,13,3,6,0,0,10,0,7,0,54,69,70,Moderate Rain,69,17,-161,132,18616,False,-110,-110
202320235,2,2023,2,8/21/2023 8:00:00 PM,BAL,WAS,28,29,1.0,37.5,7,7,7,7,0,3,14,3,9,0,19,76,77,Few Clouds,76,7,-119,-103,18607,False,-109,-114
202320302,2,2023,3,8/24/2023 7:30:00 PM,PIT,ATL,24,0,6.0,38.5,17,7,0,0,0,0,0,0,0,0,45,77,78,Light Rain,78,5,-256,204,18636,False,-110,-110
202320326,2,2023,3,8/24/2023 8:00:00 PM,IND,PHI,27,13,5.0,37.0,7,10,7,3,0,10,3,0,0,0,18,70,71,Overcast Clouds,70,10,-263,209,18604,False,-108,-114
202320305,2,2023,3,8/25/2023 8:00:00 PM,DET,CAR,26,17,-4.5,36.5,0,20,0,6,0,10,0,7,0,0,26,78,79,Scattered Clouds,79,4,168,-208,18605,False,-110,-110
202320334,2,2023,3,8/25/2023 8:15:00 PM,NE,TEN,7,23,-3.0,37.5,0,7,0,0,0,6,7,0,10,0,12,82,82,Few Clouds,82,1,122,-150,18627,False,-108,-113
202320331,2,2023,3,8/25/2023 10:00:00 PM,LAC,SF,23,12,-7.5,39.0,7,3,10,3,0,6,0,6,0,0,37,64,65,Clear Sky,65,4,269,-351,18628,False,-109,-112
202320306,2,2023,3,8/26/2023 1:00:00 PM,BUF,CHI,24,21,3.5,37.5,7,10,0,7,0,0,10,3,8,0,20,67,68,Broken Clouds,67,14,-187,154,18621,False,-111,-110
202320312,2,2023,3,8/26/2023 1:00:00 PM,SEA,GB,15,19,-3.0,38.0,0,7,0,8,0,3,9,0,7,0,22,54,58,Clear Sky,58,9,134,-164,18641,False,-108,-113
202320316,2,2023,3,8/26/2023 1:00:00 PM,CLE,KC,32,33,5.0,41.0,22,7,0,3,0,3,13,14,3,0,15,71,73,Broken Clouds,73,6,-209,168,18638,False,-110,-110
202320320,2,2023,3,8/26/2023 1:00:00 PM,ARI,MIN,18,17,2.0,38.5,3,0,6,9,0,14,3,0,0,0,42,60,62,Broken Clouds,62,5,-134,110,18623,False,-113,-109
202320323,2,2023,3,8/26/2023 6:00:00 PM,NYJ,NYG,32,24,5.5,38.0,14,0,3,15,0,0,13,3,8,0,3,73,73,Clear Sky,73,6,-234,187,18651,False,-112,-110
202320335,2,2023,3,8/26/2023 6:05:00 PM,CIN,WAS,19,21,-3.0,34.5,7,3,0,9,0,0,7,7,7,0,19,72,75,Light Rain,75,1,133,-164,18634,False,-110,-110
202320315,2,2023,3,8/26/2023 7:00:00 PM,MIA,JAX,18,31,-5.5,42.0,3,3,6,6,0,0,17,14,0,0,10,80,80,Few Clouds,80,5,179,-223,18631,False,-109,-112
202320333,2,2023,3,8/26/2023 7:00:00 PM,BAL,TB,20,26,-2.0,35.5,7,3,3,7,0,14,3,3,6,0,24,81,81,Scattered Clouds,81,9,108,-133,18609,False,-112,-110
202320309,2,2023,3,8/26/2023 8:00:00 PM,LV,DAL,16,31,5.5,38.5,0,13,3,0,0,7,14,7,3,0,17,96,98,Scattered Clouds,96,5,-214,175,18644,False,-109,-112
202320310,2,2023,3,8/26/2023 9:00:00 PM,LAR,DEN,0,41,-6.0,37.5,0,0,0,0,0,17,10,0,14,0,13,68,69,Light Rain,68,6,181,-225,18610,False,-108,-114
202320322,2,2023,3,8/27/2023 8:00:00 PM,HOU,NO,17,13,-1.0,37.5,7,3,7,0,0,0,7,3,3,0,27,87,87,Scattered Clouds,87,5,-104,-119,18606,False,-110,-111
202310116,1,2023,1,9/7/2023 8:20:00 PM,DET,KC,21,20,-4.0,52.5,7,0,7,7,0,0,14,3,3,0,15,68,70,Few Clouds,70,8,172,-205,18343,False,-113,-109
202310102,1,2023,1,9/10/2023 1:00:00 PM,CAR,ATL,10,24,-3.5,40.5,0,7,3,0,0,0,7,3,14,0,45,72,74,Few Clouds,72,2,156,-187,18486,False,-110,-110
202310103,1,2023,1,9/10/2023 1:00:00 PM,HOU,BAL,9,25,-9.5,43.5,0,6,0,3,0,7,0,15,3,0,7,71,72,Light Rain,72,3,355,-462,18493,False,-110,-110
202310108,1,2023,1,9/10/2023 1:00:00 PM,CIN,CLE,3,24,-0.5,46.5,0,0,3,0,0,0,10,3,11,0,6,62,65,Clear Sky,62,4,-109,-110,18487,False,-110,-112
202310114,1,2023,1,9/10/2023 1:00:00 PM,JAX,IND,31,21,3.5,45.5,7,7,3,14,0,0,7,14,0,0,9,63,65,Clear Sky,63,4,-197,164,18488,False,-111,-110
202310120,1,2023,1,9/10/2023 1:00:00 PM,TB,MIN,20,17,-4.0,45.0,3,7,7,3,0,0,10,0,7,0,42,59,60,Scattered Clouds,60,5,174,-210,18489,False,-110,-110
202310122,1,2023,1,9/10/2023 1:00:00 PM,TEN,NO,15,16,-2.5,41.5,6,3,0,6,0,3,3,10,0,0,27,78,79,Clear Sky,79,3,127,-151,18490,False,-112,-110
202310128,1,2023,1,9/10/2023 1:00:00 PM,SF,PIT,30,7,1.0,41.5,10,10,7,3,0,0,7,0,0,0,8,62,65,Overcast Clouds,65,3,-121,102,18491,False,-110,-110
202310135,1,2023,1,9/10/2023 1:00:00 PM,ARI,WAS,16,20,-7.0,38.0,3,10,3,0,0,7,3,0,10,0,19,68,71,Light Rain,71,3,265,-338,18492,False,-110,-112
202310106,1,2023,1,9/10/2023 4:25:00 PM,GB,CHI,38,20,-1.0,41.0,7,3,14,14,0,3,3,8,6,0,20,69,69,Broken Clouds,69,5,100,-120,18494,False,-109,-112
202310110,1,2023,1,9/10/2023 4:25:00 PM,LV,DEN,17,16,-3.0,43.0,7,3,0,7,0,6,7,0,3,0,13,59,61,Light Rain,59,5,140,-165,18495,False,-110,-112
202310129,1,2023,1,9/10/2023 4:25:00 PM,MIA,LAC,36,34,-3.0,50.0,7,13,7,9,0,7,10,7,10,0,54,75,76,Few Clouds,75,3,137,-162,18497,False,-109,-112
202310121,1,2023,1,9/10/2023 4:25:00 PM,PHI,NE,25,20,3.5,44.0,16,0,3,6,0,0,14,0,6,0,4,66,68,Moderate Rain,68,1,-187,156,18496,False,-112,-110
202310130,1,2023,1,9/10/2023 4:25:00 PM,LAR,SEA,30,13,-4.5,45.0,7,0,10,13,0,3,10,0,0,0,31,62,66,Scattered Clouds,66,4,182,-221,18498,False,-110,-110
202310123,1,2023,1,9/10/2023 8:20:00 PM,DAL,NYG,40,0,3.5,44.5,16,10,7,7,0,0,0,0,0,0,3,70,71,Moderate Rain,71,4,-173,146,18499,False,-110,-110
202310124,1,2023,1,9/11/2023 8:15:00 PM,BUF,NYJ,16,22,2.5,44.5,3,10,0,3,0,0,3,3,10,6,3,70,70,Scattered Clouds,70,6,-138,114,18344,False,-111,-110
202310226,1,2023,2,9/14/2023 8:15:00 PM,MIN,PHI,28,34,-6.0,49.0,0,7,7,14,0,3,10,14,7,0,18,60,62,Clear Sky,62,9,209,-255,18556,False,-110,-110
202310202,1,2023,2,9/17/2023 1:00:00 PM,GB,ATL,24,25,-3.0,40.0,0,10,14,0,0,3,6,3,13,0,45,67,69,Few Clouds,67,5,127,-152,18557,False,-113,-108
202310204,1,2023,2,9/17/2023 1:00:00 PM,LV,BUF,10,38,-7.5,47.0,7,3,0,0,0,7,14,7,10,0,1,55,58,Broken Clouds,58,0,287,-358,18558,False,-109,-113
202310207,1,2023,2,9/17/2023 1:00:00 PM,BAL,CIN,27,24,-3.5,45.0,7,6,7,7,0,0,10,7,7,0,5,59,61,Overcast Clouds,61,3,145,-173,18559,False,-113,-108
202310211,1,2023,2,9/17/2023 1:00:00 PM,SEA,DET,37,31,-4.5,47.0,7,0,10,14,6,7,7,7,10,0,21,58,60,Light Rain,60,4,182,-219,18560,False,-110,-110
202310213,1,2023,2,9/17/2023 1:00:00 PM,IND,HOU,31,20,-0.5,39.5,14,14,3,0,0,7,3,0,10,0,11,80,81,Broken Clouds,80,3,-107,-112,18564,False,-112,-110
202310215,1,2023,2,9/17/2023 1:00:00 PM,KC,JAX,17,9,3.0,50.5,0,7,7,3,0,0,6,0,3,0,10,75,76,Scattered Clouds,76,4,-171,143,18563,False,-110,-110
202310233,1,2023,2,9/17/2023 1:00:00 PM,CHI,TB,17,27,-2.5,40.5,7,3,0,7,0,3,10,7,7,0,24,82,82,Light Rain,82,9,114,-135,18562,False,-110,-110
202310234,1,2023,2,9/17/2023 1:00:00 PM,LAC,TEN,24,27,2.5,45.5,3,11,0,10,0,0,10,7,7,3,12,62,63,Scattered Clouds,63,4,-146,123,18561,False,-111,-110
202310201,1,2023,2,9/17/2023 4:05:00 PM,NYG,ARI,31,28,4.5,39.5,0,0,14,17,0,7,13,8,0,0,29,91,91,Clear Sky,91,9,-220,182,18566,False,-114,-108
202310232,1,2023,2,9/17/2023 4:05:00 PM,SF,LAR,30,23,7.0,45.0,7,10,3,10,0,3,14,0,6,0,54,68,68,Broken Clouds,68,6,-341,270,18565,False,-112,-110
202310209,1,2023,2,9/17/2023 4:25:00 PM,NYJ,DAL,10,30,-8.5,38.5,0,10,0,0,0,7,11,6,6,0,17,78,81,Clear Sky,78,2,331,-424,18567,False,-111,-110
202310210,1,2023,2,9/17/2023 4:25:00 PM,WAS,DEN,35,33,-3.5,38.5,3,11,7,14,0,14,7,3,9,0,13,67,69,Broken Clouds,67,5,163,-195,18568,False,-112,-110
202310221,1,2023,2,9/17/2023 8:20:00 PM,MIA,NE,24,17,2.0,46.5,3,14,0,7,0,0,3,0,14,0,4,60,61,Scattered Clouds,61,3,-132,111,18569,False,-111,-110
202310205,1,2023,2,9/18/2023 7:15:00 PM,NO,CAR,20,17,3.0,39.5,3,3,7,7,0,3,0,3,11,0,26,58,59,Clear Sky,59,4,-171,143,18570,False,-112,-109
202310228,1,2023,2,9/18/2023 8:15:00 PM,CLE,PIT,22,26,2.5,38.5,3,11,8,0,0,7,9,3,7,0,8,50,53,Clear Sky,53,4,-139,118,18571,False,-112,-109
202310331,1,2023,3,9/21/2023 8:15:00 PM,NYG,SF,12,30,-10.5,43.5,3,3,6,0,0,3,14,3,10,0,37,60,62,Clear Sky,62,4,418,-553,18454,False,-110,-110
202310303,1,2023,3,9/24/2023 1:00:00 PM,IND,BAL,22,19,-7.5,43.5,0,10,3,6,3,7,0,7,5,0,7,62,64,Overcast Clouds,64,7,299,-373,18463,False,-112,-110
202310308,1,2023,3,9/24/2023 1:00:00 PM,TEN,CLE,3,27,-3.5,38.0,0,3,0,0,0,3,10,7,7,0,6,61,62,Broken Clouds,62,6,151,-182,18455,False,-112,-109
202310311,1,2023,3,9/24/2023 1:00:00 PM,ATL,DET,6,20,-3.0,47.0,0,3,0,3,0,3,10,0,7,0,21,64,66,Overcast Clouds,66,8,144,-174,18456,False,-110,-110
202310312,1,2023,3,9/24/2023 1:00:00 PM,NO,GB,17,18,1.5,41.5,7,10,0,0,0,0,0,0,18,0,22,60,60,Scattered Clouds,60,7,-124,103,18457,False,-112,-110
202310315,1,2023,3,9/24/2023 1:00:00 PM,HOU,JAX,37,17,-7.5,43.5,7,10,7,13,0,0,0,10,7,0,10,73,74,Clear Sky,73,4,305,-382,18462,False,-112,-109
202310319,1,2023,3,9/24/2023 1:00:00 PM,DEN,MIA,20,70,-6.0,47.5,7,6,0,7,0,14,21,14,21,0,2,83,84,Clear Sky,83,10,211,-259,18458,False,-110,-110
202310320,1,2023,3,9/24/2023 1:00:00 PM,LAC,MIN,28,24,0.5,52.5,7,7,7,7,0,0,10,7,7,0,42,61,62,Light Rain,62,6,-110,-109,18459,False,-112,-110
202310324,1,2023,3,9/24/2023 1:00:00 PM,NE,NYJ,15,10,2.5,35.5,3,7,3,2,0,0,3,0,7,0,3,62,62,Moderate Rain,62,12,-140,118,18460,False,-110,-110
202310335,1,2023,3,9/24/2023 1:00:00 PM,BUF,WAS,37,3,5.0,44.0,10,6,0,21,0,0,0,0,3,0,19,61,63,Overcast Clouds,63,7,-237,193,18461,False,-112,-110
202310330,1,2023,3,9/24/2023 4:05:00 PM,CAR,SEA,27,37,-4.5,42.5,3,10,0,14,0,3,9,10,15,0,31,55,57,Moderate Rain,57,3,184,-220,18464,False,-110,-110
202310301,1,2023,3,9/24/2023 4:25:00 PM,DAL,ARI,16,28,11.5,43.5,3,7,3,3,0,9,12,0,7,0,29,87,88,Clear Sky,87,4,-682,488,18466,False,-110,-112
202310316,1,2023,3,9/24/2023 4:25:00 PM,CHI,KC,10,41,-12.5,48.5,0,0,0,10,0,7,27,7,0,0,15,65,65,Clear Sky,65,2,532,-739,18465,False,-110,-110
202310325,1,2023,3,9/24/2023 8:20:00 PM,PIT,LV,23,18,-3.0,43.5,7,6,10,0,0,7,0,0,11,0,53,78,79,Clear Sky,79,3,134,-160,18467,False,-110,-112
202310333,1,2023,3,9/25/2023 7:15:00 PM,PHI,TB,25,11,5.5,44.0,3,10,9,3,0,0,3,0,8,0,24,79,81,Light Rain,79,13,-255,210,18468,False,-110,-110
202310307,1,2023,3,9/25/2023 8:15:00 PM,LAR,CIN,16,19,-3.5,45.5,3,3,3,7,0,0,6,10,3,0,5,62,63,Clear Sky,63,4,143,-170,18469,False,-112,-110
202310412,1,2023,4,9/28/2023 8:15:00 PM,DET,GB,34,20,2.5,45.0,14,13,0,7,0,3,0,8,9,0,22,55,55,Clear Sky,55,3,-139,115,18500,False,-110,-110
202310415,1,2023,4,10/1/2023 9:30:00 AM,ATL,JAX,7,23,-3.5,42.5,0,0,7,0,0,7,10,0,6,0,33,61,62,Overcast Clouds,61,4,151,-183,18332,True,-110,-110
202310404,1,2023,4,10/1/2023 1:00:00 PM,MIA,BUF,20,48,-3.0,52.5,7,7,6,0,0,14,17,10,7,0,1,60,61,Broken Clouds,61,3,126,-154,18501,False,-109,-112
202310405,1,2023,4,10/1/2023 1:00:00 PM,MIN,CAR,21,13,4.0,46.0,0,7,14,0,0,7,6,0,0,0,26,63,64,Clear Sky,63,4,-216,175,18508,False,-110,-110
202310406,1,2023,4,10/1/2023 1:00:00 PM,DEN,CHI,31,28,3.0,47.0,7,0,7,17,0,0,21,7,0,0,20,69,70,Clear Sky,69,6,-163,133,18502,False,-109,-112
202310408,1,2023,4,10/1/2023 1:00:00 PM,BAL,CLE,28,3,1.5,38.0,7,14,0,7,0,3,0,0,0,0,6,63,66,Clear Sky,63,3,-123,-101,18503,False,-113,-108
202310413,1,2023,4,10/1/2023 1:00:00 PM,PIT,HOU,6,30,3.0,41.0,0,0,6,0,0,10,6,0,14,0,11,80,80,Scattered Clouds,80,5,-159,131,18509,False,-114,-108
202310414,1,2023,4,10/1/2023 1:00:00 PM,LAR,IND,29,23,1.5,44.5,14,6,3,0,6,0,0,8,15,0,9,65,67,Clear Sky,65,5,-120,-101,18505,False,-111,-110
202310422,1,2023,4,10/1/2023 1:00:00 PM,TB,NO,26,9,-4.5,40.5,0,14,0,12,0,3,0,3,3,0,27,77,77,Clear Sky,77,8,169,-207,18506,False,-115,-107
202310426,1,2023,4,10/1/2023 1:00:00 PM,WAS,PHI,31,34,-9.0,43.0,7,10,0,14,0,7,3,11,10,3,18,64,65,Clear Sky,64,5,351,-460,18507,False,-112,-110
202310434,1,2023,4,10/1/2023 1:00:00 PM,CIN,TEN,3,27,2.5,41.5,3,0,0,0,0,3,21,3,0,0,12,69,70,Clear Sky,69,4,-150,124,18504,False,-110,-111
202310429,1,2023,4,10/1/2023 4:05:00 PM,LV,LAC,17,24,-6.5,49.0,7,0,3,7,0,7,17,0,0,0,54,62,63,Clear Sky,62,1,236,-302,18510,False,-110,-112
202310409,1,2023,4,10/1/2023 4:25:00 PM,NE,DAL,3,38,-6.0,43.0,3,0,0,0,0,10,18,3,7,0,17,79,82,Scattered Clouds,79,6,220,-275,18511,False,-110,-110
202310431,1,2023,4,10/1/2023 4:25:00 PM,ARI,SF,16,35,-14.5,44.0,0,10,6,0,0,7,14,0,14,0,37,60,60,Clear Sky,60,1,677,-1119,18512,False,-108,-113
202310424,1,2023,4,10/1/2023 8:20:00 PM,KC,NYJ,23,20,8.0,41.5,17,3,0,3,0,0,12,8,0,0,3,65,65,Clear Sky,65,7,-428,327,18513,False,-113,-109
202310423,1,2023,4,10/2/2023 8:15:00 PM,SEA,NYG,24,3,2.5,46.0,7,7,7,3,0,0,3,0,0,0,3,64,65,Broken Clouds,64,2,-146,120,18514,False,-110,-110
202310535,1,2023,5,10/5/2023 8:15:00 PM,CHI,WAS,40,20,-6.0,45.0,10,17,0,13,0,0,3,11,6,0,19,65,66,Light Rain,66,4,215,-272,18346,False,-110,-112
202310504,1,2023,5,10/8/2023 9:30:00 AM,JAX,BUF,25,20,-4.5,48.5,11,0,0,14,0,0,7,0,13,0,47,59,60,Broken Clouds,59,4,191,-238,18333,True,-109,-112
202310502,1,2023,5,10/8/2023 1:00:00 PM,HOU,ATL,19,21,-2.5,42.0,3,6,3,7,0,7,0,0,14,0,45,53,56,Clear Sky,53,3,116,-139,18347,False,-109,-112
202310511,1,2023,5,10/8/2023 1:00:00 PM,CAR,DET,24,42,-9.5,43.5,0,10,0,14,0,14,14,0,14,0,21,45,45,Clear Sky,40,10,351,-467,18348,False,-111,-110
202310514,1,2023,5,10/8/2023 1:00:00 PM,TEN,IND,16,23,2.5,43.5,3,3,10,0,0,7,3,7,6,0,9,49,51,Overcast Clouds,47,6,-146,119,18349,False,-110,-112
202310519,1,2023,5,10/8/2023 1:00:00 PM,NYG,MIA,16,31,-13.0,48.0,0,10,3,3,0,7,10,14,0,0,2,78,80,Light Rain,78,10,506,-725,18350,False,-112,-110
202310521,1,2023,5,10/8/2023 1:00:00 PM,NO,NE,34,0,-1.5,38.5,7,14,3,10,0,0,0,0,0,0,4,48,49,Broken Clouds,47,5,103,-127,18351,False,-110,-110
202310528,1,2023,5,10/8/2023 1:00:00 PM,BAL,PIT,10,17,4.5,38.5,7,3,0,0,0,0,3,0,14,0,8,43,44,Scattered Clouds,40,8,-225,182,18352,False,-110,-111
202310501,1,2023,5,10/8/2023 4:05:00 PM,CIN,ARI,34,20,3.5,45.5,10,7,7,10,0,0,14,6,0,0,29,84,86,Scattered Clouds,86,7,-169,140,18354,False,-110,-112
202310532,1,2023,5,10/8/2023 4:05:00 PM,PHI,LAR,23,14,3.5,50.0,7,10,0,6,0,7,7,0,0,0,54,70,73,Broken Clouds,70,2,-199,163,18353,False,-113,-108
202310510,1,2023,5,10/8/2023 4:25:00 PM,NYJ,DEN,31,21,-2.5,42.5,5,3,10,13,0,7,6,0,8,0,13,59,62,Clear Sky,59,5,112,-136,18355,False,-112,-110
202310520,1,2023,5,10/8/2023 4:25:00 PM,KC,MIN,27,20,3.5,52.5,7,6,14,0,0,3,10,0,7,0,42,49,49,Broken Clouds,47,6,-186,152,18356,False,-110,-110
202310531,1,2023,5,10/8/2023 8:20:00 PM,DAL,SF,10,42,-3.5,45.5,0,7,3,0,0,7,14,7,14,0,37,63,63,Few Clouds,63,4,152,-184,18342,False,-110,-110
202310525,1,2023,5,10/9/2023 8:15:00 PM,GB,LV,13,17,-1.5,45.0,3,0,10,0,0,0,10,0,7,0,53,80,82,Broken Clouds,82,8,100,-122,18357,False,-110,-112
202310616,1,2023,6,10/12/2023 8:15:00 PM,DEN,KC,8,19,-10.5,47.5,0,0,0,8,0,3,10,3,3,0,15,62,64,Light Rain,64,17,454,-633,18358,False,-110,-111
202310634,1,2023,6,10/15/2023 9:30:00 AM,BAL,TEN,24,16,5.5,42.0,6,12,0,6,0,3,0,10,3,0,47,40,44,Overcast Clouds,36,5,-255,199,18334,True,-110,-110
202310602,1,2023,6,10/15/2023 1:00:00 PM,WAS,ATL,24,16,-1.5,42.0,3,14,7,0,0,7,3,0,6,0,45,51,51,Few Clouds,51,10,104,-128,18359,False,-110,-112
202310606,1,2023,6,10/15/2023 1:00:00 PM,MIN,CHI,19,13,3.0,44.5,3,9,7,0,0,0,6,0,7,0,20,52,54,Light Rain,52,18,-165,135,18360,False,-110,-112
202310607,1,2023,6,10/15/2023 1:00:00 PM,SEA,CIN,13,17,-3.0,45.5,7,3,3,0,0,7,7,0,3,0,5,49,50,Light Rain,47,8,127,-154,18361,False,-110,-112
202310608,1,2023,6,10/15/2023 1:00:00 PM,SF,CLE,17,19,9.5,36.0,7,3,0,7,0,0,7,6,6,0,6,48,50,Light Rain,43,14,-514,382,18362,False,-110,-110
202310613,1,2023,6,10/15/2023 1:00:00 PM,NO,HOU,13,20,2.5,42.0,7,3,3,0,0,7,10,3,0,0,11,62,62,Few Clouds,62,10,-136,113,18366,False,-112,-110
202310615,1,2023,6,10/15/2023 1:00:00 PM,IND,JAX,20,37,-4.0,44.0,3,3,0,14,0,0,21,10,6,0,10,62,65,Broken Clouds,65,6,166,-202,18365,False,-110,-110
202310619,1,2023,6,10/15/2023 1:00:00 PM,CAR,MIA,21,42,-14.0,47.0,14,0,0,7,0,0,21,7,14,0,2,74,75,Few Clouds,75,14,670,-1108,18363,False,-113,-108
202310625,1,2023,6,10/15/2023 4:05:00 PM,NE,LV,17,21,-3.0,41.5,0,3,7,7,0,3,10,3,5,0,53,73,74,Clear Sky,74,3,125,-151,18367,False,-110,-111
202310632,1,2023,6,10/15/2023 4:25:00 PM,ARI,LAR,9,26,-7.0,47.5,3,6,0,0,0,3,3,10,10,0,54,71,73,Clear Sky,71,2,258,-330,18368,False,-110,-112
202310624,1,2023,6,10/15/2023 4:25:00 PM,PHI,NYJ,14,20,6.5,43.5,7,7,0,0,0,0,9,3,8,0,3,49,50,Clear Sky,46,9,-303,238,18369,False,-110,-110
202310633,1,2023,6,10/15/2023 4:25:00 PM,DET,TB,20,6,3.0,43.0,3,7,7,3,0,0,3,3,0,0,24,70,71,Broken Clouds,71,16,-164,135,18364,False,-110,-110
202310604,1,2023,6,10/15/2023 8:20:00 PM,NYG,BUF,9,14,-16.0,44.0,3,3,0,3,0,0,0,0,14,0,1,46,46,Light Rain,43,7,750,-1257,18370,False,-112,-109
202310629,1,2023,6,10/16/2023 8:15:00 PM,DAL,LAC,20,17,1.5,49.5,7,3,0,10,0,7,0,3,7,0,54,70,71,Clear Sky,70,4,-123,101,18371,False,-111,-110
202310722,1,2023,7,10/19/2023 8:15:00 PM,JAX,NO,31,24,-2.5,41.5,7,10,7,7,0,3,3,3,15,0,27,67,69,Scattered Clouds,69,7,118,-144,18515,False,-110,-110
202310703,1,2023,7,10/22/2023 1:00:00 PM,DET,BAL,6,38,-3.0,43.5,0,0,0,6,0,14,14,7,3,0,7,47,50,Clear Sky,44,14,137,-166,18521,False,-110,-112
202310706,1,2023,7,10/22/2023 1:00:00 PM,LV,CHI,12,30,2.5,38.5,0,3,0,9,0,7,7,7,9,0,20,48,50,Few Clouds,45,6,-137,112,18516,False,-111,-110
202310714,1,2023,7,10/22/2023 1:00:00 PM,CLE,IND,39,38,3.5,40.0,7,20,3,9,0,14,7,7,10,0,9,43,47,Clear Sky,41,4,-186,151,18517,False,-110,-112
202310721,1,2023,7,10/22/2023 1:00:00 PM,BUF,NE,25,29,7.5,41.0,0,3,7,15,0,10,3,3,13,0,4,44,45,Broken Clouds,41,8,-399,310,18518,False,-110,-110
202310723,1,2023,7,10/22/2023 1:00:00 PM,WAS,NYG,7,14,3.0,37.0,0,0,7,0,0,0,14,0,0,0,3,47,47,Scattered Clouds,42,14,-160,132,18519,False,-113,-108
202310733,1,2023,7,10/22/2023 1:00:00 PM,ATL,TB,16,13,-2.5,37.5,7,3,3,3,0,7,3,0,3,0,24,70,72,Broken Clouds,70,5,125,-153,18520,False,-109,-113
202310732,1,2023,7,10/22/2023 4:05:00 PM,PIT,LAR,24,17,-3.5,43.5,0,3,7,14,0,0,9,8,0,0,54,65,65,Broken Clouds,65,5,142,-175,18522,False,-111,-110
202310730,1,2023,7,10/22/2023 4:05:00 PM,ARI,SEA,10,20,-9.0,44.0,3,7,0,0,0,7,7,3,3,0,31,50,51,Scattered Clouds,51,1,342,-448,18523,False,-107,-114
202310710,1,2023,7,10/22/2023 4:25:00 PM,GB,DEN,17,19,-1.5,44.0,0,0,10,7,0,3,6,7,3,0,13,59,62,Clear Sky,59,3,100,-121,18524,False,-112,-109
202310716,1,2023,7,10/22/2023 4:25:00 PM,LAC,KC,17,31,-5.5,48.0,3,14,0,0,0,3,21,0,7,0,15,60,62,Few Clouds,62,12,201,-252,18525,False,-108,-113
202310726,1,2023,7,10/22/2023 8:20:00 PM,MIA,PHI,17,31,-3.0,52.0,3,7,7,0,0,3,14,7,7,0,18,48,50,Broken Clouds,45,12,132,-161,18526,False,-110,-110
202310720,1,2023,7,10/23/2023 8:15:00 PM,SF,MIN,17,22,6.5,44.0,0,7,7,3,0,7,9,6,0,0,42,54,55,Few Clouds,54,5,-315,250,18527,False,-113,-109
202310804,1,2023,8,10/26/2023 8:15:00 PM,TB,BUF,18,24,-10.0,42.5,0,10,0,8,0,3,14,7,0,0,1,64,66,Overcast Clouds,66,15,358,-482,18572,False,-113,-108
202310805,1,2023,8,10/29/2023 1:00:00 PM,HOU,CAR,13,15,3.5,43.0,0,7,6,0,0,0,6,6,3,0,26,64,65,Clear Sky,64,8,-180,148,18581,False,-112,-110
202310809,1,2023,8,10/29/2023 1:00:00 PM,LAR,DAL,20,43,-7.0,44.5,3,6,8,3,0,17,16,3,7,0,17,41,42,Light Rain,32,17,240,-306,18573,False,-112,-110
202310812,1,2023,8,10/29/2023 1:00:00 PM,MIN,GB,24,10,1.0,41.5,7,3,14,0,0,0,3,7,0,0,22,30,33,Scattered Clouds,25,9,-115,-108,18574,False,-110,-110
202310814,1,2023,8,10/29/2023 1:00:00 PM,NO,IND,38,27,2.0,43.5,7,14,7,10,0,7,13,0,7,0,9,46,47,Moderate Rain,42,9,-135,111,18576,False,-115,-108
202310819,1,2023,8,10/29/2023 1:00:00 PM,NE,MIA,17,31,-7.5,46.5,7,0,3,7,0,7,10,7,7,0,2,78,79,Scattered Clouds,78,14,303,-397,18577,False,-109,-112
202310823,1,2023,8,10/29/2023 1:00:00 PM,NYJ,NYG,13,10,3.0,35.0,7,0,0,3,3,3,0,7,0,0,3,52,54,Light Rain,52,7,-170,140,18578,False,-110,-110
202310828,1,2023,8,10/29/2023 1:00:00 PM,JAX,PIT,20,10,2.5,41.0,6,3,8,3,0,0,3,7,0,0,8,55,55,Light Rain,55,3,-141,115,18579,False,-109,-112
202310834,1,2023,8,10/29/2023 1:00:00 PM,ATL,TEN,23,28,2.0,35.0,3,0,6,14,0,7,7,7,7,0,12,56,62,Overcast Clouds,62,10,-137,114,18575,False,-112,-109
202310835,1,2023,8,10/29/2023 1:00:00 PM,PHI,WAS,38,31,7.0,42.5,3,7,7,21,0,7,10,0,14,0,19,60,61,Overcast Clouds,61,1,-329,256,18580,False,-111,-110
202310830,1,2023,8,10/29/2023 4:05:00 PM,CLE,SEA,20,24,-4.0,39.0,7,7,6,0,0,17,0,0,7,0,31,40,42,Clear Sky,40,3,164,-200,18582,False,-109,-113
202310801,1,2023,8,10/29/2023 4:25:00 PM,BAL,ARI,31,24,9.5,44.5,7,7,7,10,0,7,0,0,17,0,29,65,68,Clear Sky,65,14,-431,338,18584,False,-110,-113
202310810,1,2023,8,10/29/2023 4:25:00 PM,KC,DEN,9,24,7.0,45.5,3,6,0,0,0,7,7,0,10,0,13,16,17,Scattered Clouds,7,8,-323,253,18583,False,-110,-110
202310831,1,2023,8,10/29/2023 4:25:00 PM,CIN,SF,31,17,-4.0,44.0,14,0,3,14,0,7,3,0,7,0,37,57,58,Clear Sky,57,1,171,-212,18585,False,-110,-110
202310829,1,2023,8,10/29/2023 8:20:00 PM,CHI,LAC,13,30,-9.5,45.5,0,7,0,6,0,14,10,6,0,0,54,67,67,Clear Sky,67,5,362,-494,18586,False,-113,-109
202310811,1,2023,8,10/30/2023 8:15:00 PM,LV,DET,14,26,-7.0,46.0,0,7,7,0,0,3,13,7,3,0,21,34,35,Clear Sky,28,6,262,-336,18587,False,-110,-110
202310928,1,2023,9,11/2/2023 8:15:00 PM,TEN,PIT,16,20,-3.0,37.0,3,10,3,0,0,7,3,3,7,0,8,36,36,Clear Sky,31,6,141,-175,18372,False,-110,-110
202310916,1,2023,9,11/5/2023 9:30:00 AM,MIA,KC,14,21,0.5,51.5,0,0,14,0,0,7,14,0,0,0,86,50,50,Light Rain,50,13,-111,-110,18335,True,-109,-112
202310902,1,2023,9,11/5/2023 1:00:00 PM,MIN,ATL,31,28,-3.5,38.5,3,7,11,10,0,3,8,10,7,0,45,54,59,Clear Sky,54,3,157,-195,18373,False,-111,-110
202310903,1,2023,9,11/5/2023 1:00:00 PM,SEA,BAL,3,37,-6.0,44.0,0,3,0,0,0,0,17,13,7,0,7,50,51,Few Clouds,48,6,217,-276,18378,False,-110,-110
202310908,1,2023,9,11/5/2023 1:00:00 PM,ARI,CLE,0,27,-12.5,38.0,0,0,0,0,0,0,13,7,7,0,6,44,48,Broken Clouds,40,6,518,-751,18374,False,-110,-110
202310912,1,2023,9,11/5/2023 1:00:00 PM,LAR,GB,3,20,-4.0,37.5,0,3,0,0,0,0,7,3,10,0,22,50,53,Overcast Clouds,53,18,166,-203,18375,False,-110,-110
202310913,1,2023,9,11/5/2023 1:00:00 PM,TB,HOU,37,39,-2.5,39.5,10,7,6,14,0,7,3,12,17,0,11,69,69,Overcast Clouds,69,6,121,-146,18379,False,-113,-108
202310921,1,2023,9,11/5/2023 1:00:00 PM,WAS,NE,20,17,-2.5,40.5,3,7,10,0,0,0,14,3,0,0,4,42,43,Clear Sky,39,7,126,-153,18376,False,-110,-110
202310922,1,2023,9,11/5/2023 1:00:00 PM,CHI,NO,17,24,-8.5,41.5,7,7,3,0,0,7,7,3,7,0,27,63,64,Clear Sky,63,6,330,-430,18377,False,-113,-109
202310905,1,2023,9,11/5/2023 4:05:00 PM,IND,CAR,27,13,1.5,44.5,0,20,0,7,0,0,3,7,3,0,26,50,54,Clear Sky,50,5,-122,101,18380,False,-110,-110
202310925,1,2023,9,11/5/2023 4:25:00 PM,NYG,LV,6,30,-1.0,39.0,0,0,0,6,0,7,17,3,3,0,53,62,63,Scattered Clouds,62,2,-105,-116,18381,False,-110,-112
202310926,1,2023,9,11/5/2023 4:25:00 PM,DAL,PHI,23,28,-3.5,46.5,7,10,0,6,0,7,7,14,0,0,18,47,50,Few Clouds,44,7,144,-175,18382,False,-112,-110
202310907,1,2023,9,11/5/2023 8:20:00 PM,BUF,CIN,18,24,-1.5,51.0,7,0,3,8,0,14,7,0,3,0,5,46,46,Clear Sky,44,4,106,-130,18383,False,-110,-110
202310924,1,2023,9,11/6/2023 8:15:00 PM,LAC,NYJ,27,6,3.5,41.0,14,3,0,10,0,0,3,3,0,0,3,52,54,Overcast Clouds,52,6,-176,145,18384,False,-110,-110
202311006,1,2023,10,11/9/2023 8:15:00 PM,CAR,CHI,13,16,-3.0,38.0,7,3,0,3,0,3,6,7,0,0,20,47,49,Broken Clouds,42,13,149,-183,18385,False,-110,-112
202311021,1,2023,10,11/12/2023 9:30:00 AM,IND,NE,10,6,1.5,42.0,7,0,0,3,0,3,0,0,3,0,86,43,45,Light Rain,41,4,-122,100,18336,True,-112,-109
202311003,1,2023,10,11/12/2023 1:00:00 PM,CLE,BAL,33,31,-5.5,38.5,3,6,8,16,0,17,0,7,7,0,7,37,41,Clear Sky,34,4,205,-250,18391,False,-113,-108
202311007,1,2023,10,11/12/2023 1:00:00 PM,HOU,CIN,30,27,-5.5,45.5,0,10,10,10,0,7,0,10,10,0,5,41,42,Clear Sky,39,4,208,-258,18386,False,-112,-110
202311015,1,2023,10,11/12/2023 1:00:00 PM,SF,JAX,34,3,3.0,44.5,10,3,14,7,0,0,3,0,0,0,10,59,63,Overcast Clouds,59,10,-175,142,18390,False,-110,-112
202311020,1,2023,10,11/12/2023 1:00:00 PM,NO,MIN,19,27,3.0,40.5,3,0,8,8,0,3,21,3,0,0,42,46,46,Clear Sky,41,8,-155,126,18387,False,-111,-110
202311028,1,2023,10,11/12/2023 1:00:00 PM,GB,PIT,19,23,-3.0,38.5,7,6,6,0,0,7,10,3,3,0,8,36,39,Few Clouds,36,2,141,-175,18388,False,-110,-111
202311033,1,2023,10,11/12/2023 1:00:00 PM,TEN,TB,6,20,-2.5,39.5,3,0,0,3,0,0,7,10,3,0,24,68,70,Overcast Clouds,70,13,122,-147,18389,False,-109,-112
202311001,1,2023,10,11/12/2023 4:05:00 PM,ATL,ARI,23,25,2.0,43.5,0,14,3,6,0,3,9,10,3,0,29,68,72,Clear Sky,68,5,-132,107,18392,False,-110,-110
202311029,1,2023,10,11/12/2023 4:05:00 PM,DET,LAC,41,38,2.0,48.0,10,14,7,10,0,3,14,7,14,0,54,66,67,Clear Sky,66,3,-138,114,18393,False,-110,-110
202311009,1,2023,10,11/12/2023 4:25:00 PM,NYG,DAL,17,49,-17.5,38.5,0,0,7,10,0,7,21,14,7,0,17,55,60,Clear Sky,55,4,1050,-2183,18394,False,-112,-110
202311030,1,2023,10,11/12/2023 4:25:00 PM,WAS,SEA,26,29,-5.5,44.0,6,3,3,14,0,3,6,7,13,0,31,48,49,Moderate Rain,45,10,211,-263,18395,False,-110,-110
202311025,1,2023,10,11/12/2023 8:20:00 PM,NYJ,LV,12,16,0.5,35.5,6,3,0,3,0,3,3,3,7,0,53,55,55,Scattered Clouds,55,1,-112,-108,18396,False,-110,-110
202311004,1,2023,10,11/13/2023 8:15:00 PM,DEN,BUF,24,22,-7.5,47.5,3,12,0,9,0,0,8,7,7,0,1,40,45,Scattered Clouds,38,12,295,-379,18397,False,-111,-111
202311103,1,2023,11,11/16/2023 8:15:00 PM,CIN,BAL,20,34,-4.0,46.5,3,7,3,7,0,7,14,6,7,0,7,49,51,Clear Sky,47,5,166,-203,18528,False,-112,-109
202311105,1,2023,11,11/19/2023 1:00:00 PM,DAL,CAR,33,10,11.0,43.5,7,10,0,16,0,0,3,7,0,0,26,46,49,Scattered Clouds,46,3,-649,456,18534,False,-110,-112
202311108,1,2023,11,11/19/2023 1:00:00 PM,PIT,CLE,10,13,-2.5,34.0,0,0,7,3,0,7,3,0,3,0,6,36,41,Scattered Clouds,29,9,115,-138,18529,False,-112,-109
202311111,1,2023,11,11/19/2023 1:00:00 PM,CHI,DET,26,31,-8.0,48.0,7,3,10,6,0,0,14,0,17,0,21,33,39,Clear Sky,28,6,311,-400,18530,False,-110,-110
202311112,1,2023,11,11/19/2023 1:00:00 PM,LAC,GB,20,23,3.0,44.0,3,7,3,7,0,0,10,6,7,0,22,31,35,Clear Sky,24,8,-157,130,18531,False,-110,-112
202311113,1,2023,11,11/19/2023 1:00:00 PM,ARI,HOU,16,21,-5.5,48.0,10,0,6,0,0,7,14,0,0,0,11,68,69,Overcast Clouds,68,9,203,-248,18536,False,-110,-111
202311115,1,2023,11,11/19/2023 1:00:00 PM,TEN,JAX,14,34,-6.5,40.0,0,0,7,7,0,7,6,14,7,0,10,64,68,Light Rain,64,4,242,-307,18535,False,-112,-109
202311119,1,2023,11,11/19/2023 1:00:00 PM,LV,MIA,13,20,-14.0,44.0,10,3,0,0,0,7,7,6,0,0,2,73,76,Light Rain,73,8,587,-927,18532,False,-110,-110
202311135,1,2023,11,11/19/2023 1:00:00 PM,NYG,WAS,31,19,-7.5,38.5,7,7,0,17,0,3,6,3,7,0,19,42,43,Clear Sky,38,6,303,-388,18533,False,-113,-109
202311131,1,2023,11,11/19/2023 4:05:00 PM,TB,SF,14,27,-13.5,42.0,0,7,0,7,0,7,6,14,0,0,37,53,54,Clear Sky,53,4,561,-841,18537,False,-109,-113
202311104,1,2023,11,11/19/2023 4:25:00 PM,NYJ,BUF,6,32,-8.0,39.0,0,6,0,0,0,6,10,13,3,0,1,30,33,Scattered Clouds,29,4,311,-398,18538,False,-110,-110
202311132,1,2023,11,11/19/2023 4:25:00 PM,SEA,LAR,16,17,-2.0,46.0,7,6,3,0,0,0,7,0,10,0,54,62,62,Clear Sky,62,7,112,-136,18539,False,-108,-114
202311110,1,2023,11,11/19/2023 8:20:00 PM,MIN,DEN,20,21,-2.5,42.5,0,10,7,3,0,3,6,0,12,0,13,44,44,Light Rain,40,6,123,-148,18540,False,-112,-109
202311116,1,2023,11,11/20/2023 8:15:00 PM,PHI,KC,21,17,-3.0,46.0,7,0,7,7,0,7,10,0,0,0,15,42,43,Light Rain,35,13,122,-147,18345,False,-109,-113
202311211,1,2023,12,11/23/2023 12:30:00 PM,GB,DET,29,22,-8.5,47.0,20,3,6,0,0,6,0,8,8,0,21,33,35,Overcast Clouds,26,9,315,-407,18398,False,-110,-112
202311209,1,2023,12,11/23/2023 4:30:00 PM,WAS,DAL,10,45,-13.0,47.5,0,10,0,0,0,7,13,0,25,0,17,48,50,Clear Sky,44,8,518,-749,18399,False,-110,-110
202311230,1,2023,12,11/23/2023 8:20:00 PM,SF,SEA,31,13,7.0,43.0,7,17,0,7,0,3,0,10,0,0,31,38,38,Clear Sky,35,4,-335,257,18400,False,-112,-109
202311224,1,2023,12,11/24/2023 3:00:00 PM,MIA,NYJ,34,13,9.5,40.0,3,14,3,14,0,0,6,0,7,0,3,32,33,Clear Sky,24,10,-481,357,18337,False,-109,-113
202311202,1,2023,12,11/26/2023 1:00:00 PM,NO,ATL,15,24,2.0,42.0,3,6,3,3,0,7,7,0,10,0,45,46,49,Light Rain,41,12,-133,109,18401,False,-110,-112
202311207,1,2023,12,11/26/2023 1:00:00 PM,PIT,CIN,16,10,2.0,36.0,0,3,7,6,0,0,7,0,3,0,5,34,36,Overcast Clouds,28,12,-136,113,18402,False,-112,-110
202311213,1,2023,12,11/26/2023 1:00:00 PM,JAX,HOU,24,21,1.0,48.0,3,10,8,3,0,0,7,7,7,0,11,47,49,Broken Clouds,42,9,-118,-104,18406,False,-109,-112
202311214,1,2023,12,11/26/2023 1:00:00 PM,TB,IND,20,27,-2.5,44.5,3,7,0,10,0,10,7,3,7,0,9,30,31,Overcast Clouds,22,12,122,-151,18404,False,-112,-110
202311223,1,2023,12,11/26/2023 1:00:00 PM,NE,NYG,7,10,4.0,35.5,0,0,7,0,0,0,7,0,3,0,3,52,52,Moderate Rain,52,12,-213,174,18405,False,-114,-107
202311234,1,2023,12,11/26/2023 1:00:00 PM,CAR,TEN,10,17,-3.5,35.5,0,3,7,0,0,7,10,0,0,0,12,35,39,Overcast Clouds,33,9,149,-182,18403,False,-110,-110
202311201,1,2023,12,11/26/2023 4:05:00 PM,LAR,ARI,37,14,3.0,45.0,7,14,3,13,0,8,0,0,6,0,29,60,63,Clear Sky,60,6,-153,126,18408,False,-112,-109
202311210,1,2023,12,11/26/2023 4:05:00 PM,CLE,DEN,12,29,-2.0,37.5,0,6,6,0,0,7,7,3,12,0,13,22,26,Few Clouds,22,1,107,-129,18407,False,-111,-110
202311225,1,2023,12,11/26/2023 4:25:00 PM,KC,LV,31,17,9.0,42.5,0,14,7,10,0,7,7,3,0,0,53,45,46,Few Clouds,42,6,-468,356,18409,False,-110,-110
202311226,1,2023,12,11/26/2023 4:25:00 PM,BUF,PHI,34,37,-2.5,48.5,0,17,7,7,3,7,0,7,17,6,18,44,47,Light Rain,39,10,123,-149,18410,False,-110,-110
202311229,1,2023,12,11/26/2023 8:20:00 PM,BAL,LAC,20,10,3.5,48.5,0,10,3,7,0,3,0,0,7,0,54,59,63,Clear Sky,59,6,-173,140,18411,False,-110,-112
202311220,1,2023,12,11/27/2023 8:15:00 PM,CHI,MIN,12,10,-3.0,43.5,0,3,3,6,0,0,3,0,7,0,42,12,14,Few Clouds,0,8,135,-164,18412,False,-109,-113
202311309,1,2023,13,11/30/2023 8:15:00 PM,SEA,DAL,35,41,-9.5,47.5,7,14,7,7,0,10,10,7,14,0,17,59,60,Broken Clouds,59,11,357,-468,18413,False,-110,-111
202311313,1,2023,13,12/3/2023 1:00:00 PM,DEN,HOU,17,22,-3.5,47.0,0,3,7,7,0,10,3,3,6,0,11,59,61,Overcast Clouds,59,8,140,-169,18421,False,-110,-110
202311321,1,2023,13,12/3/2023 1:00:00 PM,LAC,NE,6,0,4.5,38.5,0,6,0,0,0,0,0,0,0,0,4,44,44,Light Rain,44,2,-229,186,18415,False,-111,-110
202311322,1,2023,13,12/3/2023 1:00:00 PM,DET,NO,33,28,4.0,47.5,21,3,3,6,0,0,7,14,7,0,27,60,61,Clear Sky,60,6,-202,164,18416,False,-114,-107
202311324,1,2023,13,12/3/2023 1:00:00 PM,ATL,NYJ,13,8,2.0,33.0,0,10,3,0,0,2,3,3,0,0,3,45,47,Clear Sky,43,4,-134,112,18417,False,-114,-108
202311328,1,2023,13,12/3/2023 1:00:00 PM,ARI,PIT,24,10,-6.0,41.0,3,7,7,7,0,3,0,0,7,0,8,43,45,Light Rain,40,11,224,-282,18418,False,-108,-113
202311334,1,2023,13,12/3/2023 1:00:00 PM,IND,TEN,31,28,1.0,42.0,7,6,9,3,6,10,7,2,6,3,12,41,48,Clear Sky,39,4,-121,-101,18414,False,-110,-110
202311335,1,2023,13,12/3/2023 1:00:00 PM,MIA,WAS,45,15,9.0,49.5,17,14,7,7,0,0,7,8,0,0,19,49,49,Scattered Clouds,45,10,-444,343,18420,False,-112,-110
202311333,1,2023,13,12/3/2023 4:05:00 PM,CAR,TB,18,21,-3.5,37.0,0,3,7,8,0,7,0,7,7,0,24,70,72,Clear Sky,70,7,157,-194,18419,False,-108,-113
202311332,1,2023,13,12/3/2023 4:25:00 PM,CLE,LAR,19,36,-3.5,39.5,7,3,3,6,0,10,3,7,16,0,54,58,62,Clear Sky,58,1,152,-186,18422,False,-110,-111
202311326,1,2023,13,12/3/2023 4:25:00 PM,SF,PHI,42,19,3.0,46.5,0,14,14,14,0,6,0,7,6,0,18,49,50,Scattered Clouds,45,10,-159,131,18340,False,-110,-111
202311312,1,2023,13,12/3/2023 8:20:00 PM,KC,GB,19,27,5.5,43.5,3,3,6,7,0,7,7,7,6,0,22,26,29,Overcast Clouds,24,5,-256,208,18423,False,-112,-109
202311315,1,2023,13,12/4/2023 8:15:00 PM,CIN,JAX,34,31,-10.0,41.0,0,14,7,10,3,7,7,14,3,0,10,58,62,Clear Sky,58,5,388,-524,18424,False,-112,-110
202311428,1,2023,14,12/7/2023 8:15:00 PM,NE,PIT,21,18,-5.0,30.5,7,14,0,0,0,3,7,0,8,0,8,37,37,Clear Sky,33,5,207,-260,18541,False,-110,-110
202311402,1,2023,14,12/10/2023 1:00:00 PM,TB,ATL,29,25,-1.5,41.5,3,9,7,10,0,3,7,0,15,0,45,36,37,Few Clouds,29,12,105,-127,18542,False,-110,-112
202311403,1,2023,14,12/10/2023 1:00:00 PM,LAR,BAL,31,37,-7.5,42.0,3,17,2,9,0,7,10,3,11,6,7,36,41,Snow,34,11,278,-360,18548,False,-112,-109
202311406,1,2023,14,12/10/2023 1:00:00 PM,DET,CHI,13,28,3.0,44.5,0,13,0,0,0,10,0,9,9,0,20,30,32,Few Clouds,24,6,-171,141,18543,False,-110,-110
202311407,1,2023,14,12/10/2023 1:00:00 PM,IND,CIN,14,34,-3.0,44.5,0,14,0,0,0,7,7,14,6,0,5,31,33,Overcast Clouds,27,6,127,-155,18544,False,-110,-110
202311408,1,2023,14,12/10/2023 1:00:00 PM,JAX,CLE,27,31,-2.5,37.5,0,7,7,13,0,7,7,7,10,0,6,37,37,Overcast Clouds,26,22,116,-140,18545,False,-110,-110
202311422,1,2023,14,12/10/2023 1:00:00 PM,CAR,NO,6,28,-5.5,38.5,0,3,3,0,0,0,14,0,14,0,27,49,50,Clear Sky,50,10,199,-247,18546,False,-111,-110
202311424,1,2023,14,12/10/2023 1:00:00 PM,HOU,NYJ,6,30,3.0,33.5,0,0,6,0,0,0,0,14,16,0,3,46,48,Moderate Rain,43,12,-178,145,18547,False,-109,-112
202311425,1,2023,14,12/10/2023 4:05:00 PM,MIN,LV,3,0,3.0,40.5,0,0,0,3,0,0,0,0,0,0,53,46,47,Broken Clouds,46,1,-156,127,18549,False,-110,-112
202311431,1,2023,14,12/10/2023 4:05:00 PM,SEA,SF,16,28,-14.5,44.5,10,0,6,0,0,7,7,7,7,0,37,48,52,Clear Sky,48,1,649,-1055,18550,False,-112,-109
202311416,1,2023,14,12/10/2023 4:25:00 PM,BUF,KC,20,17,-1.5,49.5,7,7,3,3,0,0,7,7,3,0,15,34,37,Clear Sky,32,7,102,-123,18551,False,-109,-113
202311429,1,2023,14,12/10/2023 4:25:00 PM,DEN,LAC,24,7,-3.0,45.0,7,3,7,7,0,0,0,0,7,0,54,62,63,Clear Sky,62,6,134,-162,18552,False,-113,-107
202311409,1,2023,14,12/10/2023 8:20:00 PM,PHI,DAL,13,33,-3.5,52.5,0,6,7,0,0,10,14,3,6,0,17,42,46,Clear Sky,37,8,151,-184,18553,False,-110,-110
202311419,1,2023,14,12/11/2023 8:15:00 PM,TEN,MIA,28,27,-13.5,44.0,0,10,3,15,0,7,0,3,17,0,2,59,67,Clear Sky,59,12,598,-900,18554,False,-112,-109
202311423,1,2023,14,12/11/2023 8:15:00 PM,GB,NYG,22,24,5.5,37.0,7,3,3,9,0,0,7,14,3,0,3,35,37,Overcast Clouds,31,10,-248,201,18555,False,-110,-112
202311525,1,2023,15,12/14/2023 8:15:00 PM,LAC,LV,21,63,-3.0,36.0,0,0,7,14,0,21,21,14,7,0,53,49,49,Broken Clouds,49,2,134,-162,18588,False,-110,-110
202311507,1,2023,15,12/16/2023 1:00:00 PM,MIN,CIN,24,27,-3.0,41.5,7,0,10,7,0,3,0,0,21,3,5,48,52,Light Rain,52,6,136,-167,18589,False,-111,-110
202311514,1,2023,15,12/16/2023 4:30:00 PM,PIT,IND,13,30,-1.0,41.5,6,7,0,0,0,0,14,10,6,0,9,46,49,Moderate Rain,41,10,-102,-120,18592,False,-112,-110
202311511,1,2023,15,12/16/2023 8:15:00 PM,DEN,DET,17,42,-5.5,49.0,0,0,10,7,0,0,21,7,14,0,21,45,46,Broken Clouds,42,9,196,-242,18591,False,-112,-110
202311505,1,2023,15,12/17/2023 1:00:00 PM,ATL,CAR,7,9,3.0,32.5,0,7,0,0,0,0,3,0,6,0,26,51,52,Light Rain,52,14,-153,126,18593,False,-110,-110
202311508,1,2023,15,12/17/2023 1:00:00 PM,CHI,CLE,17,20,-2.5,37.5,0,7,10,0,0,0,7,0,13,0,6,43,43,Overcast Clouds,37,11,124,-150,18590,False,-109,-112
202311512,1,2023,15,12/17/2023 1:00:00 PM,TB,GB,34,20,-3.5,41.5,3,10,14,7,0,7,3,7,3,0,22,32,35,Broken Clouds,26,15,160,-196,18594,False,-112,-110
202311519,1,2023,15,12/17/2023 1:00:00 PM,NYJ,MIA,0,30,-7.0,36.0,0,0,0,0,0,7,17,3,3,0,2,64,65,Clear Sky,64,14,271,-352,18596,False,-110,-112
202311521,1,2023,15,12/17/2023 1:00:00 PM,KC,NE,27,17,10.0,39.5,7,7,13,0,0,0,10,0,7,0,4,56,56,Light Rain,56,15,-477,347,18603,False,-112,-110
202311522,1,2023,15,12/17/2023 1:00:00 PM,NYG,NO,6,24,-6.0,39.5,3,3,0,0,0,7,0,10,7,0,27,51,53,Clear Sky,53,10,205,-255,18597,False,-110,-110
202311534,1,2023,15,12/17/2023 1:00:00 PM,HOU,TEN,19,16,-3.0,38.0,0,3,6,7,3,6,7,0,3,0,12,42,43,Overcast Clouds,38,8,142,-174,18595,False,-110,-110
202311501,1,2023,15,12/17/2023 4:05:00 PM,SF,ARI,45,29,11.0,47.0,14,7,14,10,0,7,6,3,13,0,29,59,64,Clear Sky,59,3,-750,517,18599,False,-114,-107
202311532,1,2023,15,12/17/2023 4:05:00 PM,WAS,LAR,20,28,-6.5,48.5,0,0,7,13,0,3,10,7,8,0,54,64,67,Clear Sky,64,7,237,-302,18598,False,-110,-110
202311504,1,2023,15,12/17/2023 4:25:00 PM,DAL,BUF,10,31,-2.5,49.5,0,3,0,7,0,7,14,3,7,0,1,45,45,Light Rain,42,7,115,-141,18600,False,-110,-110
202311515,1,2023,15,12/17/2023 8:20:00 PM,BAL,JAX,23,7,4.0,42.5,3,7,0,13,0,0,0,7,0,0,10,58,58,Overcast Clouds,58,11,-212,173,18602,False,-110,-112
202311530,1,2023,15,12/18/2023 8:15:00 PM,PHI,SEA,17,20,5.5,46.0,7,3,7,0,0,0,3,7,10,0,31,44,46,Moderate Rain,43,6,-248,201,18601,False,-110,-112
202311632,1,2023,16,12/21/2023 8:15:00 PM,NO,LAR,22,30,-4.0,45.5,0,7,0,15,0,7,10,10,3,0,54,59,62,Light Rain,59,7,165,-202,18425,False,-109,-114
202311628,1,2023,16,12/23/2023 4:30:00 PM,CIN,PIT,11,34,2.5,39.0,0,0,11,0,0,7,17,7,3,0,8,47,47,Overcast Clouds,45,4,-153,126,18426,False,-110,-112
202311629,1,2023,16,12/23/2023 8:00:00 PM,BUF,LAC,24,22,12.5,44.5,0,14,7,3,0,3,7,3,9,0,54,58,64,Clear Sky,58,3,-783,535,18427,False,-109,-113
202311602,1,2023,16,12/24/2023 1:00:00 PM,IND,ATL,10,29,-3.0,44.5,7,0,3,0,0,7,6,7,9,0,45,55,58,Scattered Clouds,58,13,128,-155,18428,False,-110,-110
202311605,1,2023,16,12/24/2023 1:00:00 PM,GB,CAR,33,30,3.5,39.5,7,16,0,10,0,3,7,6,14,0,26,51,51,Scattered Clouds,51,5,-197,161,18432,False,-110,-110
202311613,1,2023,16,12/24/2023 1:00:00 PM,CLE,HOU,36,22,3.0,40.0,7,15,6,8,0,0,7,0,15,0,11,57,61,Few Clouds,57,11,-160,133,18433,False,-109,-112
202311620,1,2023,16,12/24/2023 1:00:00 PM,DET,MIN,30,24,2.5,47.5,7,10,6,7,0,7,7,7,3,0,42,44,50,Light Rain,47,8,-146,120,18430,False,-112,-110
202311624,1,2023,16,12/24/2023 1:00:00 PM,WAS,NYJ,28,30,-3.0,36.5,0,7,7,14,0,17,10,0,3,0,3,43,43,Overcast Clouds,43,1,134,-162,18431,False,-112,-110
202311634,1,2023,16,12/24/2023 1:00:00 PM,SEA,TEN,20,17,3.0,42.0,0,3,3,14,0,0,10,0,7,0,12,58,58,Broken Clouds,58,13,-160,133,18429,False,-110,-112
202311633,1,2023,16,12/24/2023 4:05:00 PM,JAX,TB,12,30,2.0,43.5,0,0,6,6,0,3,17,10,0,0,24,67,68,Overcast Clouds,68,12,-130,107,18434,False,-108,-113
202311606,1,2023,16,12/24/2023 4:25:00 PM,ARI,CHI,16,27,-4.5,42.5,0,7,3,6,0,7,14,3,3,0,20,49,52,Scattered Clouds,52,10,173,-212,18435,False,-108,-113
202311619,1,2023,16,12/24/2023 4:25:00 PM,DAL,MIA,20,22,-1.5,48.5,7,0,3,10,0,3,10,6,3,0,2,73,73,Light Rain,73,17,105,-129,18436,False,-112,-110
202311610,1,2023,16,12/24/2023 8:15:00 PM,NE,DEN,26,23,-7.0,36.5,0,3,20,3,0,7,0,0,16,0,13,21,26,Overcast Clouds,21,2,269,-346,18437,False,-110,-110
202311616,1,2023,16,12/25/2023 1:00:00 PM,LV,KC,20,14,-11.0,40.5,3,14,3,0,0,0,7,0,7,0,15,30,32,Overcast Clouds,24,11,435,-602,18341,False,-110,-112
202311626,1,2023,16,12/25/2023 4:30:00 PM,NYG,PHI,25,33,-14.0,41.5,3,0,15,7,0,7,13,0,13,0,18,44,45,Scattered Clouds,44,3,579,-894,18338,False,-110,-110
202311631,1,2023,16,12/25/2023 8:15:00 PM,BAL,SF,33,19,-6.5,46.5,3,13,17,0,0,5,7,0,7,0,37,50,53,Overcast Clouds,50,2,233,-294,18438,False,-108,-113
202311708,1,2023,17,12/28/2023 8:15:00 PM,NYJ,CLE,20,37,-6.5,33.5,7,10,0,3,0,20,14,0,3,0,6,41,41,Overcast Clouds,35,9,266,-344,18439,False,-109,-112
202311709,1,2023,17,12/30/2023 8:15:00 PM,DET,DAL,19,20,-5.0,54.0,3,0,7,9,0,7,0,3,10,0,17,49,51,Clear Sky,45,8,188,-230,18440,False,-107,-114
202311703,1,2023,17,12/31/2023 1:00:00 PM,MIA,BAL,19,56,-3.0,47.0,10,3,0,6,0,7,21,7,21,0,7,41,42,Broken Clouds,41,3,144,-178,18449,False,-110,-110
202311704,1,2023,17,12/31/2023 1:00:00 PM,NE,BUF,21,27,-14.5,40.5,7,7,0,7,0,13,7,7,0,0,1,33,33,Light Snow,27,6,638,-1015,18441,False,-107,-115
202311706,1,2023,17,12/31/2023 1:00:00 PM,ATL,CHI,17,37,-3.0,39.0,0,7,3,7,0,7,14,6,10,0,20,33,33,Light Snow,22,17,125,-152,18442,False,-109,-112
202311713,1,2023,17,12/31/2023 1:00:00 PM,TEN,HOU,3,26,-5.5,44.0,0,3,0,0,0,3,17,3,3,0,11,59,60,Broken Clouds,59,4,191,-240,18450,False,-109,-113
202311714,1,2023,17,12/31/2023 1:00:00 PM,LV,IND,20,23,-3.5,42.5,3,0,7,10,0,7,7,3,6,0,9,30,32,Overcast Clouds,24,9,153,-188,18443,False,-109,-112
202311715,1,2023,17,12/31/2023 1:00:00 PM,CAR,JAX,0,26,-4.0,37.5,0,0,0,0,0,3,6,10,7,0,10,46,48,Clear Sky,43,5,161,-196,18448,False,-112,-109
202311723,1,2023,17,12/31/2023 1:00:00 PM,LAR,NYG,26,25,6.5,43.5,7,7,6,6,0,0,10,6,9,0,3,39,41,Overcast Clouds,36,7,-289,226,18444,False,-110,-110
202311726,1,2023,17,12/31/2023 1:00:00 PM,ARI,PHI,35,31,-12.5,48.0,3,3,15,14,0,7,14,0,10,0,18,39,40,Overcast Clouds,36,4,505,-743,18445,False,-110,-110
202311733,1,2023,17,12/31/2023 1:00:00 PM,NO,TB,23,13,-2.5,42.5,7,10,3,3,0,0,0,0,13,0,24,54,58,Few Clouds,54,1,121,-148,18446,False,-110,-112
202311735,1,2023,17,12/31/2023 1:00:00 PM,SF,WAS,27,10,14.0,48.5,10,3,7,7,0,0,10,0,0,0,19,38,40,Scattered Clouds,38,3,-955,626,18447,False,-110,-110
202311730,1,2023,17,12/31/2023 4:05:00 PM,PIT,SEA,30,23,-4.5,41.0,7,10,7,6,0,0,14,3,6,0,31,41,42,Clear Sky,41,1,170,-212,18451,False,-107,-114
202311710,1,2023,17,12/31/2023 4:25:00 PM,LAC,DEN,9,16,-3.5,38.5,0,3,3,3,0,3,10,0,3,0,13,31,37,Overcast Clouds,31,1,141,-168,18452,False,-109,-114
202311716,1,2023,17,12/31/2023 4:25:00 PM,CIN,KC,17,25,-7.0,45.5,3,14,0,0,0,7,6,3,9,0,15,28,30,Overcast Clouds,24,6,252,-325,18339,False,-112,-110
202311720,1,2023,17,12/31/2023 8:20:00 PM,GB,MIN,33,10,-1.0,42.5,10,13,7,3,0,0,3,0,7,0,42,23,27,Overcast Clouds,23,3,-107,-114,18453,False,-111,-110
202311803,1,2023,18,1/6/2024 4:30:00 PM,PIT,BAL,17,10,2.5,34.0,7,0,0,10,0,0,7,0,3,0,7,36,37,Broken Clouds,30,8,-160,132,18485,False,-110,-111
202311814,1,2023,18,1/6/2024 8:15:00 PM,HOU,IND,23,19,1.5,47.5,7,7,3,6,0,3,3,8,5,0,9,34,34,Light Snow,29,6,-124,102,18474,False,-110,-111
202311805,1,2023,18,1/7/2024 1:00:00 PM,TB,CAR,9,0,4.5,36.5,0,6,0,3,0,0,0,0,0,0,26,37,37,Clear Sky,35,3,-242,193,18484,False,-112,-110
202311807,1,2023,18,1/7/2024 1:00:00 PM,CLE,CIN,14,31,-7.5,37.0,0,0,0,14,0,14,10,7,0,0,5,31,35,Overcast Clouds,35,2,264,-347,18470,False,-112,-110
202311811,1,2023,18,1/7/2024 1:00:00 PM,MIN,DET,20,30,-3.5,47.5,0,6,7,7,0,13,0,7,10,0,21,32,35,Overcast Clouds,30,6,165,-201,18471,False,-110,-111
202311821,1,2023,18,1/7/2024 1:00:00 PM,NYJ,NE,17,3,-2.0,28.5,3,3,0,11,0,0,3,0,0,0,4,20,23,Overcast Clouds,19,3,116,-139,18477,False,-110,-110
202311822,1,2023,18,1/7/2024 1:00:00 PM,ATL,NO,17,48,-3.5,41.5,14,3,0,0,0,7,10,14,17,0,27,49,51,Clear Sky,45,9,144,-176,18478,False,-111,-110
202311834,1,2023,18,1/7/2024 1:00:00 PM,JAX,TEN,20,28,3.5,41.5,3,10,0,7,0,7,14,7,0,0,12,32,36,Clear Sky,28,4,-187,152,18473,False,-110,-111
202311801,1,2023,18,1/7/2024 4:25:00 PM,SEA,ARI,21,20,2.5,48.0,3,10,0,8,0,0,6,7,7,0,29,43,45,Clear Sky,37,11,-153,126,18480,False,-110,-112
202311812,1,2023,18,1/7/2024 4:25:00 PM,CHI,GB,9,17,-2.5,46.0,3,3,0,3,0,0,7,7,3,0,22,29,31,Overcast Clouds,31,3,129,-155,18472,False,-112,-109
202311829,1,2023,18,1/7/2024 4:25:00 PM,KC,LAC,13,12,-3.5,35.0,7,3,0,3,0,0,6,3,3,0,54,50,50,Clear Sky,50,20,147,-180,18481,False,-112,-109
202311825,1,2023,18,1/7/2024 4:25:00 PM,DEN,LV,14,27,-3.5,37.5,0,7,0,7,0,7,10,0,10,0,53,39,41,Few Clouds,32,22,140,-173,18475,False,-109,-113
202311823,1,2023,18,1/7/2024 4:25:00 PM,PHI,NYG,10,27,4.5,43.0,0,0,3,7,0,3,21,0,3,0,3,32,36,Overcast Clouds,28,11,-235,189,18479,False,-113,-108
202311831,1,2023,18,1/7/2024 4:25:00 PM,LAR,SF,21,20,-5.5,40.0,7,0,6,8,0,7,13,0,0,0,37,43,45,Clear Sky,43,1,193,-243,18482,False,-110,-110
202311835,1,2023,18,1/7/2024 4:25:00 PM,DAL,WAS,38,10,13.0,47.5,7,14,14,3,0,0,10,0,0,0,19,35,39,Clear Sky,33,10,-900,573,18483,False,-110,-112
202311819,1,2023,18,1/7/2024 8:20:00 PM,BUF,MIA,21,14,2.5,48.0,0,7,0,14,0,0,14,0,0,0,2,61,70,Clear Sky,61,13,-149,124,18476,False,-110,-112
202330113,3,2023,1,1/13/2024 4:30:00 PM,CLE,HOU,14,45,2.5,45.0,7,7,0,0,0,10,14,14,7,0,11,52,55,Scattered Clouds,52,5,-139,115,18654,,-110,-110
202330116,3,2023,1,1/13/2024 8:00:00 PM,MIA,KC,7,26,-4.5,43.5,0,7,0,0,0,7,9,3,7,0,15,-12,-7,Clear Sky,-27,13,191,-238,18658,,-111,-111
202330109,3,2023,1,1/14/2024 4:30:00 PM,GB,DAL,48,32,-7.0,52.0,7,20,14,7,0,0,7,9,16,0,17,13,18,Overcast Clouds,0,11,272,-350,18657,,-113,-109
202330111,3,2023,1,1/14/2024 8:15:00 PM,LAR,DET,23,24,-3.5,53.0,3,14,3,3,0,14,7,3,0,0,21,0,0,Clear Sky,-16,10,136,-165,18655,,-111,-110
202330104,3,2023,1,1/15/2024 4:30:00 PM,PIT,BUF,17,31,-10.0,39.0,0,7,3,7,0,14,7,3,7,0,1,14,14,Light Snow,5,6,389,-524,18659,,-113,-108
202330133,3,2023,1,1/15/2024 8:15:00 PM,PHI,TB,9,32,2.5,43.0,0,9,0,0,0,10,6,9,7,0,24,65,65,Overcast Clouds,65,5,-160,132,18656,,-110,-110
202330203,3,2023,2,1/20/2024 4:30:00 PM,HOU,BAL,10,34,-10.0,44.0,3,7,0,0,0,3,7,7,17,0,7,18,20,Few Clouds,6,14,356,-472,18661,,-114,-108
202330231,3,2023,2,1/20/2024 8:15:00 PM,GB,SF,21,24,-10.5,50.5,3,3,15,0,0,0,7,7,10,0,37,54,55,Light Rain,55,7,370,-502,18660,,-114,-110
202330211,3,2023,2,1/21/2024 3:00:00 PM,TB,DET,23,31,-6.5,49.5,3,7,7,6,0,3,7,7,14,0,21,14,16,Scattered Clouds,6,8,229,-290,18663,,-113,-109
202330204,3,2023,2,1/21/2024 6:30:00 PM,KC,BUF,27,24,-2.5,46.0,3,10,7,7,0,3,14,7,0,0,1,18,22,Overcast Clouds,11,11,124,-150,18662,,-109,-112
202330303,3,2023,3,1/28/2024 3:00:00 PM,KC,BAL,17,10,-4.5,44.0,7,10,0,0,0,7,0,0,3,0,7,39,41,Overcast Clouds,34,12,184,-226,18665,,-113,-109
202330331,3,2023,3,1/28/2024 6:30:00 PM,DET,SF,31,34,-7.5,53.0,14,10,0,7,0,0,7,17,10,0,37,58,60,Few Clouds,58,2,278,-358,18664,,-113,-109
202350136,5,2023,1,2/4/2024 3:00:00 PM,NFC,AFC,64,59,,,0,0,0,64,0,0,0,0,59,0,39,56,58,Clear Sky,56,5,,,18653,,,
202330416,3,2023,4,2/11/2024 6:30:00 PM,SF,KC,22,25,2.0,47.0,0,10,0,9,3,0,3,10,6,6,53,43,45,Few Clouds,43,2,-128,106,18666,,-110,-110
