SeasonType,Season,Team,Score,OpponentScore,TotalScore,ScoreQuarter1,ScoreQuarter2,ScoreQuarter3,ScoreQuarter4,ScoreOvertime,TimeOfPossession,FirstDowns,FirstDownsByRushing,FirstDownsByPassing,FirstDownsByPenalty,OffensivePlays,OffensiveYards,OffensiveYardsPerPlay,Touchdowns,RushingAttempts,RushingYards,RushingYardsPerAttempt,RushingTouchdowns,PassingAttempts,PassingCompletions,PassingYards,PassingTouchdowns,PassingInterceptions,PassingYardsPerAttempt,PassingYardsPerCompletion,CompletionPercentage,PasserRating,ThirdDownAttempts,ThirdDownConversions,ThirdDownPercentage,FourthDownAttempts,FourthDownConversions,FourthDownPercentage,RedZoneAttempts,RedZoneConversions,GoalToGoAttempts,GoalToGoConversions,Penalties,PenaltyYards,Fumbles,FumblesLost,TimesSacked,TimesSackedYards,QuarterbackHits,TacklesForLoss,Punts,PuntYards,PuntAverage,Giveaways,Takeaways,TurnoverDifferential,OpponentScoreQuarter1,OpponentScoreQuarter2,OpponentScoreQuarter3,OpponentScoreQuarter4,OpponentScoreOvertime,OpponentTimeOfPossession,OpponentFirstDowns,OpponentFirstDownsByRushing,OpponentFirstDownsByPassing,OpponentFirstDownsByPenalty,OpponentOffensivePlays,OpponentOffensiveYards,OpponentOffensiveYardsPerPlay,OpponentTouchdowns,OpponentRushingAttempts,OpponentRushingYards,OpponentRushingYardsPerAttempt,OpponentRushingTouchdowns,OpponentPassingAttempts,OpponentPassingCompletions,OpponentPassingYards,OpponentPassingTouchdowns,OpponentPassingInterceptions,OpponentPassingYardsPerAttempt,OpponentPassingYardsPerCompletion,OpponentCompletionPercentage,OpponentPasserRating,OpponentThirdDownAttempts,OpponentThirdDownConversions,OpponentThirdDownPercentage,OpponentFourthDownAttempts,OpponentFourthDownConversions,OpponentFourthDownPercentage,OpponentRedZoneAttempts,OpponentRedZoneConversions,OpponentGoalToGoAttempts,OpponentGoalToGoConversions,OpponentPenalties,OpponentPenaltyYards,OpponentFumbles,OpponentFumblesLost,OpponentTimesSacked,OpponentTimesSackedYards,OpponentQuarterbackHits,OpponentTacklesForLoss,OpponentPunts,OpponentPuntYards,OpponentPuntAverage,OpponentGiveaways,OpponentTakeaways,OpponentTurnoverDifferential,RedZonePercentage,GoalToGoPercentage,OpponentRedZonePercentage,OpponentGoalToGoPercentage,ExtraPointKickingAttempts,ExtraPointKickingConversions,ExtraPointsHadBlocked,ExtraPointPassingAttempts,ExtraPointPassingConversions,ExtraPointRushingAttempts,ExtraPointRushingConversions,FieldGoalAttempts,FieldGoalsMade,OpponentExtraPointKickingAttempts,OpponentExtraPointKickingConversions,OpponentExtraPointsHadBlocked,OpponentExtraPointPassingAttempts,OpponentExtraPointPassingConversions,OpponentExtraPointRushingAttempts,OpponentExtraPointRushingConversions,OpponentFieldGoalAttempts,OpponentFieldGoalsMade,SoloTackles,AssistedTackles,Sacks,SackYards,PassesDefended,FumblesForced,FumblesRecovered,OpponentSoloTackles,OpponentAssistedTackles,OpponentSacks,OpponentSackYards,OpponentPassesDefended,OpponentFumblesForced,OpponentFumblesRecovered,Games,TeamID
5,2023,AFC,59,64,123,0,0,0,59,0,0:00,0,0,0,0,0,0,0,0,0,0,0,0,0,0,0,0,0,0,0,0,0,0,0,0,0,0,0,0,0,0,0,0,0,0,0,0,0,0,0,0,0,0,0,0,0,0,0,0,64,0,0:00,0,0,0,0,0,0,0,0,0,0,0,0,0,0,0,0,0,0,0,0,0,0,0,0,0,0,0,0,0,0,0,0,0,0,0,0,0,0,0,0,0,0,0,0,0,0,0,0,0,0,0,0,0,0,0,0,0,0,0,0,0,0,0,0,0,0,0,0,0,0,0,0,0,0,0,0,0,0,0,0,0,1,36
1,2023,ARI,330,455,785,66,110,74,80,0,29:18,330,127,173,30,1068,5509,5.2,36,471,2365,5.0,17,555,355,3144,18,12,5.7,8.9,64.0,80.79,225,88,39.1,34,15,44.1,43,27,0,0,101,859,21,6,42,286,59,76,64,3172,49.6,18,17,-1,92,135,67,134,27,31:42,369,141,198,30,1060,6047,5.7,54,521,2434,4.7,19,506,347,3613,32,11,7.1,10.4,68.6,101.00,205,97,47.3,15,7,46.7,71,43,0,0,92,765,10,6,33,233,97,98,60,2930,48.8,17,18,1,62.8,0,60.6,0,23,22,0,16,1,3,3,33,28,52,51,0,5,1,0,0,31,26,706,401,33,250,66,6,6,705,343,42,286,79,11,6,17,1
2,2023,ARI,46,72,118,3,7,12,24,0,32:30,59,20,29,10,207,892,4.3,5,87,342,3.9,2,111,65,550,3,1,5.0,8.5,58.6,76.78,46,16,34.8,4,3,75.0,9,4,0,0,17,179,1,1,9,55,14,10,15,707,47.1,2,2,0,21,23,14,14,0,28:30,64,22,38,4,179,1065,5.9,9,69,338,4.9,4,102,66,727,5,2,7.1,11.0,64.7,93.87,35,13,37.1,2,1,50.0,11,8,0,0,20,185,6,0,8,44,16,12,11,523,47.5,2,2,0,44.4,0,72.7,0,3,2,0,2,0,1,1,6,4,9,9,0,0,0,0,0,7,3,113,52,8,44,11,3,0,136,54,9,55,10,1,1,3,1
2,2023,ATL,32,40,72,0,9,7,16,0,29:08,48,15,29,4,177,817,4.6,4,72,258,3.6,2,92,62,559,0,1,6.1,9.0,67.4,79.03,40,15,37.5,5,1,20.0,6,2,0,0,26,224,3,2,13,83,16,17,14,655,46.8,3,5,2,17,10,3,10,0,31:52,61,21,31,9,184,908,4.9,4,86,426,5.0,4,90,57,482,0,4,5.4,8.5,63.3,58.66,36,14,38.9,6,1,16.7,10,4,0,0,20,164,1,1,8,60,24,16,10,450,45,5,3,-2,33.3,0,40.0,0,4,2,0,0,0,0,0,2,2,4,4,0,0,0,0,0,5,4,121,77,8,60,15,1,1,122,72,13,83,9,2,2,3,2
1,2023,ATL,321,373,694,58,83,38,114,28,29:09,326,121,181,24,1092,5683,5.2,32,522,2159,4.1,14,530,327,3524,17,17,6.6,10.8,61.7,78.53,225,90,40.0,19,8,42.1,47,22,0,0,84,743,24,11,40,251,98,83,75,3523,47.0,28,16,-12,62,121,80,79,31,31:51,320,105,183,32,1090,5458,5.0,36,499,2009,4.0,11,549,340,3449,24,8,6.3,10.1,61.9,88.37,228,77,33.8,23,11,47.8,53,24,0,0,104,831,24,8,42,258,82,81,78,3762,48.2,16,28,12,46.8,0,45.3,0,28,27,0,7,2,0,0,37,32,34,34,0,4,1,0,0,41,39,684,434,42,258,66,19,8,701,441,40,251,78,13,10,17,2
1,2023,BAL,483,280,763,106,138,86,110,43,31:13,359,144,180,35,1076,6296,5.9,55,541,2661,4.9,26,494,328,3635,27,7,7.4,11.1,66.4,100.39,207,87,42.0,14,8,57.1,68,42,0,0,102,955,23,12,41,246,115,89,66,3158,47.8,19,31,12,47,69,40,118,6,29:27,306,96,175,35,1109,5123,4.6,26,415,1860,4.5,6,634,384,3263,18,18,5.1,8.5,60.6,71.64,250,91,36.4,32,13,40.6,49,20,0,0,106,841,26,13,60,454,72,78,78,3666,47,31,19,-12,61.8,0,40.8,0,52,51,1,2,1,1,1,37,32,19,18,0,10,0,2,2,35,32,697,362,60,454,91,16,13,733,340,41,246,47,15,12,17,3
3,2023,BAL,44,27,71,10,7,7,20,0,30:02,38,17,21,0,124,688,5.5,5,58,310,5.3,2,59,36,378,3,1,6.4,10.5,61.0,89.51,23,7,30.4,4,4,100,6,4,0,0,11,110,2,2,7,46,13,7,9,420,46.7,3,0,-3,10,17,0,0,0,30:58,32,6,20,6,120,532,4.4,3,46,127,2.8,1,72,49,405,1,0,5.6,8.3,68.1,86.86,30,12,40.0,3,1,33.3,3,2,0,0,14,100,3,0,2,11,12,12,11,496,45.1,0,3,3,66.7,0,66.7,0,5,5,0,0,0,0,0,3,3,3,3,0,0,0,0,0,3,2,71,55,2,11,5,2,0,84,24,7,46,6,2,2,2,3
2,2023,BAL,68,74,142,14,20,17,17,0,25:58,56,19,32,5,167,988,5.9,8,78,419,5.4,1,83,53,569,7,3,6.9,10.7,63.9,96.91,35,16,45.7,1,0,0,8,6,0,0,13,96,4,2,6,22,14,10,14,706,50.4,5,3,-2,20,27,6,21,0,35:02,72,22,46,4,225,1146,5.1,7,93,441,4.7,1,124,79,705,5,1,5.7,8.9,63.7,88.94,49,23,46.9,5,3,60.0,10,6,0,0,16,121,6,2,8,73,11,10,10,440,44,3,5,2,75.0,0,60.0,0,8,8,0,0,0,0,0,4,4,5,5,0,4,0,0,0,10,9,144,73,8,73,15,3,2,113,48,6,22,13,3,2,3,3
2,2023,BUF,62,67,129,14,13,7,28,0,31:34,64,20,40,4,193,1069,5.5,8,80,327,4.1,4,108,71,742,4,5,6.9,10.5,65.7,78.55,38,18,47.4,3,3,100,9,6,0,0,23,172,4,3,5,32,14,14,10,431,43.1,8,3,-5,14,24,15,14,0,29:26,56,17,30,9,180,813,4.5,8,90,324,3.6,4,82,54,489,3,2,6.0,9.1,65.9,83.84,38,16,42.1,4,1,25.0,9,5,0,0,15,131,3,1,8,60,10,12,12,566,47.2,3,8,5,66.7,0,55.6,0,7,6,0,0,0,1,1,3,2,6,5,0,2,0,1,1,5,4,131,65,8,60,13,1,1,131,57,5,32,21,4,3,3,4
3,2023,BUF,55,44,99,17,21,10,7,0,35:11,51,25,23,3,144,736,5.1,7,73,361,4.9,3,69,47,375,4,0,5.4,8.0,68.1,100.82,26,12,46.2,4,3,75.0,7,5,0,0,7,52,2,0,2,14,8,5,5,223,44.6,0,3,3,3,17,10,14,0,25:49,43,13,26,4,110,685,6.2,5,47,252,5.4,1,62,39,433,4,1,7.0,11.1,62.9,98.39,16,6,37.5,1,0,0,7,4,0,0,8,65,4,2,1,11,5,10,5,203,40.6,3,0,-3,71.4,0,57.1,0,7,7,0,0,0,0,0,5,2,5,5,0,0,0,0,0,3,3,58,46,1,11,9,4,1,84,67,2,14,5,2,0,2,4
1,2023,BUF,451,311,762,70,155,78,127,21,32:02,381,158,199,24,1115,6366,5.7,54,512,2212,4.3,22,579,385,4154,29,18,7.2,10.8,66.5,91.13,219,109,49.8,16,9,56.2,65,41,0,0,106,883,20,10,24,152,117,84,51,2334,45.8,28,30,2,58,85,29,103,36,28:28,313,96,183,34,1015,5222,5.1,34,409,1880,4.6,14,552,363,3342,18,18,6.1,9.2,65.8,79.39,215,83,38.6,19,10,52.6,48,27,0,0,99,753,22,12,54,334,76,63,71,3451,48.6,30,28,-2,63.1,0,56.2,0,50,49,0,8,3,0,0,29,24,26,25,0,7,1,1,1,28,26,683,324,54,334,79,14,12,726,387,24,152,67,15,10,17,4
1,2023,CAR,236,416,652,37,64,42,80,13,31:07,297,111,150,36,1096,4510,4.1,23,445,1769,4.0,7,586,350,2741,13,10,4.7,7.8,59.7,71.63,249,85,34.1,48,23,47.9,36,18,0,0,103,845,24,10,65,504,74,75,82,3838,46.8,20,11,-9,54,143,71,121,27,29:53,311,122,162,27,1016,4997,4.9,49,508,2081,4.1,25,481,309,2916,19,8,6.1,9.4,64.2,87.11,221,84,38.0,10,7,70.0,57,36,0,0,89,679,10,3,27,193,128,95,81,3877,47.9,11,20,9,50.0,0,63.2,0,20,17,0,2,1,2,2,30,25,47,45,0,4,1,0,0,26,25,614,419,27,193,64,5,4,684,415,65,504,59,18,10,17,5
2,2023,CAR,36,74,110,10,3,10,13,0,29:43,47,17,26,4,178,741,4.2,4,67,265,4.0,2,101,56,476,2,3,4.7,8.5,55.4,62.15,39,15,38.5,4,0,0,7,3,0,0,17,155,4,3,10,77,9,16,14,661,47.2,6,1,-5,10,44,0,20,0,31:17,53,15,34,4,194,938,4.8,9,88,284,3.2,2,101,69,654,6,1,6.5,9.5,68.3,101.67,44,18,40.9,5,3,60.0,9,6,0,0,19,158,1,0,5,34,21,13,13,584,44.9,1,6,5,42.9,0,66.7,0,3,3,0,2,0,0,0,3,3,9,8,0,0,0,0,0,5,4,116,83,5,34,13,0,0,102,59,10,77,19,2,2,3,5
1,2023,CHI,360,379,739,64,114,70,95,17,32:58,322,137,169,16,1097,5495,5.0,37,534,2399,4.5,16,513,321,3096,19,15,6.0,9.6,62.6,79.54,238,98,41.2,26,13,50.0,49,28,0,0,99,853,24,10,50,325,92,72,67,3088,46.1,25,28,3,48,126,72,109,24,28:02,307,88,196,23,1035,5511,5.3,44,388,1468,3.8,8,617,410,4043,31,22,6.6,9.9,66.5,86.65,222,98,44.1,23,10,43.5,45,31,0,0,72,530,21,6,30,202,99,82,62,2887,46.6,28,25,-3,57.1,0,68.9,0,33,31,2,7,0,1,1,38,35,39,37,1,6,1,1,1,33,24,669,360,30,202,83,13,6,728,380,50,342,80,18,10,17,6
2,2023,CHI,61,65,126,14,17,12,18,0,28:12,47,18,26,3,178,905,5.1,6,85,340,4,2,85,50,565,4,2,6.6,11.3,58.8,84.68,39,13,33.3,5,3,60.0,7,3,0,0,22,171,4,3,8,40,18,8,13,644,49.5,5,6,1,14,27,0,24,0,32:48,65,23,36,6,209,1097,5.2,8,90,422,4.7,6,109,70,675,2,3,6.2,9.6,64.2,76.05,44,18,40.9,6,3,50.0,10,7,0,0,16,126,6,3,10,41,11,16,11,501,45.5,6,5,-1,42.9,0,70.0,0,5,5,0,0,0,1,1,6,6,6,6,0,1,0,1,1,5,3,148,69,10,41,15,6,3,125,62,8,40,16,2,3,3,6
1,2023,CIN,366,384,750,71,89,82,94,30,31:57,329,90,208,31,1048,5422,5.2,41,383,1527,4.0,12,615,420,3895,27,14,6.3,9.3,68.3,90.53,218,82,37.6,20,9,45.0,52,31,0,0,76,614,10,2,50,362,110,75,76,3369,44.3,16,26,10,62,131,82,91,18,30:57,351,127,201,23,1055,6368,6.0,41,456,2145,4.7,17,555,364,4223,23,17,7.6,11.6,65.6,89.49,213,87,40.8,15,7,46.7,60,31,0,0,92,784,18,9,44,257,119,93,67,3117,46.5,26,16,-10,59.6,0,51.7,0,40,40,0,2,1,0,0,31,26,38,36,0,4,2,1,1,35,32,684,399,44,257,74,11,9,708,340,50,362,80,10,2,17,7
2,2023,CIN,51,70,121,10,19,6,16,0,29:37,52,15,32,5,186,890,4.8,4,62,238,3.8,1,121,74,652,2,4,5.4,8.8,61.2,67.23,39,15,38.5,4,0,0,5,2,0,0,22,200,0,0,3,18,19,12,11,510,46.4,4,4,0,7,24,23,16,0,31:23,64,19,40,5,191,1202,6.3,9,78,449,5.8,4,105,74,753,5,3,7.2,10.2,70.5,94.66,39,17,43.6,4,0,0,9,7,0,0,22,193,4,1,8,41,19,10,10,472,47.2,4,4,0,40.0,0,77.8,0,3,3,0,2,0,0,0,8,8,9,7,0,0,0,0,0,3,3,130,68,8,41,13,1,1,123,41,3,18,27,0,0,3,7
2,2023,CLE,86,84,170,26,20,21,19,0,34:36,85,23,50,12,282,1410,5,10,116,441,3.8,2,161,95,969,6,3,6.0,10.2,59.0,80.99,63,29,46.0,5,4,80.0,8,5,0,0,29,281,7,4,5,42,26,18,20,1075,53.8,7,8,1,12,37,24,11,0,26:24,65,22,36,7,235,1169,5.0,9,92,360,3.9,3,131,74,809,6,7,6.2,10.9,56.5,67.89,46,11,23.9,5,2,40.0,8,5,0,0,38,254,4,1,12,61,24,18,18,826,45.9,8,7,-1,62.5,0,62.5,0,8,8,0,2,0,1,1,8,4,7,7,0,4,1,0,0,7,7,127,100,12,61,29,2,1,172,99,5,42,23,4,4,4,8
1,2023,CLE,396,362,758,74,126,63,106,27,32:19,325,121,173,31,1187,5710,4.8,42,518,2017,3.9,15,624,355,3693,24,23,5.9,10.4,56.9,71.61,253,80,31.6,32,18,56.2,50,28,0,0,115,897,27,14,45,318,106,112,90,4449,49.4,37,28,-9,107,87,61,107,0,28:41,253,87,136,30,1004,4593,4.6,44,420,1793,4.3,15,535,307,2800,23,18,5.2,9.1,57.4,72.02,230,67,29.1,15,6,40.0,42,30,0,0,118,923,21,10,49,349,112,105,112,5302,47.3,28,37,9,56.0,0,71.4,0,33,30,0,6,1,5,5,37,34,41,41,0,4,1,0,0,24,17,653,270,49,349,91,14,10,732,434,45,318,94,17,14,17,8
3,2023,CLE,14,45,59,7,7,0,0,0,35:26,18,4,14,0,70,324,4.6,2,20,56,2.8,1,46,34,268,1,2,5.8,7.9,73.9,77.08,15,7,46.7,4,0,0,2,2,0,0,4,32,0,0,4,39,1,5,4,176,44,2,0,-2,10,14,14,7,0,24:34,14,3,10,1,44,356,8.1,6,22,76,3.5,1,22,17,280,3,0,12.7,16.5,77.3,158.14,8,2,25.0,0,0,0,3,2,0,0,3,20,0,0,0,0,7,11,4,184,46,0,2,2,100,0,66.7,0,2,2,0,0,0,0,0,0,0,6,6,0,0,0,0,0,1,1,30,10,0,0,4,0,0,50,22,4,39,5,0,0,1,8
2,2023,DAL,68,66,134,7,28,17,16,0,31:59,69,20,43,6,202,1090,5.4,9,83,341,4.1,4,110,83,749,5,2,6.8,9.0,75.5,100.91,42,19,45.2,8,7,87.5,11,9,0,0,16,135,4,2,9,70,8,10,9,456,50.7,4,2,-2,11,33,3,19,0,29:01,54,18,31,5,180,1093,6.1,7,85,383,4.5,5,93,59,710,2,1,7.6,12.0,63.4,89.45,38,16,42.1,7,2,28.6,10,6,0,0,25,170,3,1,2,9,16,17,7,366,52.3,2,4,2,81.8,0,60.0,0,9,8,0,0,0,0,0,3,2,3,3,0,8,2,0,0,6,5,109,71,2,9,14,2,1,120,93,9,70,8,2,2,3,9
3,2023,DAL,32,48,80,0,7,9,16,0,31:05,37,8,25,4,89,510,5.7,4,25,123,4.9,1,60,41,387,3,2,6.4,9.4,68.3,88.68,16,10,62.5,2,0,0,5,4,0,0,6,48,0,0,4,16,3,1,2,80,40,2,0,-2,7,20,14,7,0,28:55,22,10,11,1,54,415,7.7,7,33,143,4.3,3,21,16,272,3,0,13.0,17,76.2,157.24,10,6,60.0,1,1,100,4,4,0,0,7,66,0,0,0,0,9,4,3,113,37.7,0,2,2,80.0,0,100,0,2,1,0,0,0,2,2,1,1,7,6,0,0,0,0,0,0,0,33,25,0,0,1,0,0,54,30,4,16,6,0,0,1,9
1,2023,DAL,509,315,824,122,157,69,138,23,32:48,385,113,229,43,1122,6317,5.6,57,468,1920,4.1,14,614,428,4397,36,10,7.2,10.3,69.7,102.77,230,111,48.3,23,13,56.5,71,40,0,0,115,964,14,6,40,263,99,83,44,2262,51.4,16,26,10,49,109,62,67,28,28:12,311,108,166,37,1014,5095,5.0,36,459,1910,4.2,14,509,308,3185,21,17,6.3,10.3,60.5,78.42,211,79,37.4,37,19,51.4,48,27,0,0,104,934,19,9,46,296,92,82,58,2753,47.5,26,16,-10,56.3,0,56.2,0,52,49,0,7,3,1,1,38,36,31,31,0,8,1,0,0,26,22,642,374,46,296,73,14,9,749,345,40,263,82,10,5,17,9
1,2023,DEN,357,413,770,81,87,44,145,0,30:31,301,116,154,31,1016,5072,5.0,38,451,1810,4.0,8,513,337,3262,28,9,6.4,9.7,65.7,94.20,220,81,36.8,20,13,65.0,58,30,0,0,99,749,21,13,52,304,100,71,79,3659,46.3,22,26,4,52,139,104,118,0,30:29,349,119,201,29,1083,6303,5.8,46,469,2331,5.0,15,572,382,3972,29,11,6.9,10.4,66.8,95.56,202,67,33.2,34,16,47.1,59,34,0,0,99,965,32,15,42,330,127,89,57,2821,49.5,26,22,-4,51.7,0,57.6,0,31,29,0,8,2,2,2,34,30,42,41,0,6,1,1,1,35,30,700,387,42,330,62,19,15,665,370,52,304,66,17,13,17,10
2,2023,DEN,78,39,117,20,23,7,28,0,29:16,66,27,35,4,198,1128,5.7,9,82,439,5.4,5,110,65,689,4,1,6.3,10.6,59.1,85.76,42,18,42.9,6,4,66.7,12,8,0,0,23,200,6,0,6,31,17,11,8,436,54.5,1,6,5,3,0,9,27,0,31:44,55,14,35,6,185,890,4.8,4,70,271,3.9,0,105,66,619,4,5,5.9,9.4,62.9,71.88,39,14,35.9,1,1,100,6,3,0,0,21,171,2,1,10,68,20,9,14,627,44.8,6,1,-5,66.7,0,50.0,0,9,9,0,0,0,0,0,8,5,2,1,0,2,0,1,1,6,4,119,53,10,68,15,1,2,130,42,6,31,15,5,0,3,10
3,2023,DET,86,80,166,31,24,10,21,0,30:54,77,22,50,5,198,1167,5.9,11,80,375,4.7,7,111,77,792,4,0,7.1,10.3,69.4,101.63,35,15,42.9,5,3,60.0,11,9,0,0,10,66,2,1,7,45,21,14,10,474,47.4,1,3,2,6,28,27,19,0,30:06,68,19,45,4,181,1246,6.9,9,65,312,4.8,3,108,71,934,6,3,8.6,13.2,65.7,99.85,33,13,39.4,3,2,66.7,11,7,0,0,12,89,1,0,8,49,16,13,7,356,50.9,3,1,-2,81.8,0,63.6,0,11,11,0,0,0,0,0,3,3,8,8,0,2,0,0,0,8,6,107,61,8,49,13,1,0,121,76,7,45,6,2,1,3,11
1,2023,DET,461,395,856,111,139,73,138,0,31:22,375,124,228,23,1137,6712,5.9,58,500,2311,4.6,27,606,408,4401,30,12,7.3,10.8,67.3,96.70,224,93,41.5,40,21,52.5,64,41,0,0,97,843,19,11,31,205,116,81,57,2646,46.4,23,23,0,78,91,111,109,6,29:53,339,91,209,39,1037,5714,5.5,46,408,1509,3.7,15,588,371,4205,28,16,7.2,11.3,63.1,89.00,202,75,37.1,26,15,57.7,53,35,0,0,91,788,17,7,41,357,103,74,65,3169,48.8,23,23,0,64.1,0,66.0,0,52,48,1,10,2,1,1,21,19,41,39,1,6,1,0,0,30,26,659,322,41,357,79,13,6,738,415,31,205,57,15,12,17,11
2,2023,DET,54,58,112,3,20,18,13,0,28:15,43,11,28,4,185,773,4.2,6,78,215,2.8,2,102,53,558,2,3,5.5,10.5,52.0,62.46,44,14,31.8,5,3,60.0,7,3,0,0,17,126,2,1,5,21,18,20,18,829,46.1,4,6,2,19,16,13,10,0,32:45,57,18,32,7,199,956,4.8,6,81,338,4.2,3,107,63,618,3,4,5.8,9.8,58.9,68.98,42,14,33.3,3,0,0,11,6,0,0,16,167,3,2,11,62,15,12,15,709,47.3,6,4,-2,42.9,0,54.5,0,5,4,0,2,1,0,0,5,4,5,4,0,1,0,0,0,6,6,117,76,11,62,20,1,1,102,72,5,21,20,1,1,3,11
2,2023,GB,72,55,127,17,33,9,13,0,31:25,67,27,32,8,196,1119,5.7,9,100,466,4.7,5,95,66,653,4,2,6.9,9.9,69.5,93.88,41,18,43.9,5,2,40.0,9,8,0,0,23,181,3,2,1,0,16,10,10,475,47.5,4,4,0,10,27,10,8,0,25:05,45,16,23,6,171,798,4.7,6,57,236,4.1,3,111,62,562,2,3,5.1,9.1,55.9,64.47,38,15,39.5,2,1,50.0,6,4,0,0,22,219,1,1,3,28,4,15,15,706,47.1,4,4,0,88.9,0,66.7,0,9,6,1,0,0,0,0,4,4,5,5,0,2,1,0,0,4,4,106,31,3,28,27,1,1,136,77,1,0,14,1,2,3,12
1,2023,GB,383,350,733,78,84,112,89,20,30:43,338,101,211,26,1052,5873,5.6,44,441,1905,4.3,10,581,374,3968,32,11,6.8,10.6,64.4,94.65,223,105,47.1,24,12,50.0,64,33,0,0,105,856,23,7,30,242,108,76,57,2634,46.2,18,18,0,65,101,86,95,3,30:17,340,120,189,31,1061,5696,5.4,37,493,2181,4.4,15,523,342,3515,21,7,6.7,10.3,65.4,92.39,224,92,41.1,30,14,46.7,57,29,0,0,95,907,17,11,45,288,79,66,56,2604,46.5,18,18,0,51.6,0,50.9,0,39,34,1,7,2,0,0,33,27,31,27,0,5,1,3,3,38,31,699,398,45,288,68,11,12,642,410,30,242,71,12,7,17,12
3,2023,GB,69,56,125,10,23,29,7,0,30:37,42,17,21,4,116,745,6.4,9,61,279,4.6,3,55,37,466,5,2,8.5,12.6,67.3,108.60,23,13,56.5,2,1,50.0,9,6,0,0,8,71,2,0,0,0,15,5,4,155,38.8,2,2,0,0,14,16,26,0,30:23,56,15,37,4,153,866,5.7,7,49,234,4.8,3,99,64,632,4,2,6.4,9.9,64.6,87.61,32,20,62.5,2,0,0,6,5,0,0,12,131,0,0,5,23,9,5,6,259,43.2,2,2,0,66.7,0,83.3,0,8,7,0,2,1,0,0,3,2,5,4,0,0,0,2,2,3,2,90,55,5,23,8,0,0,74,38,0,0,4,1,0,2,12
3,2023,HOU,55,48,103,13,21,14,7,0,24:30,24,4,18,2,91,569,6.3,7,36,114,3.2,1,55,36,455,3,0,8.3,12.6,65.5,109.28,20,6,30.0,1,0,0,3,2,0,0,14,90,1,0,0,0,12,20,9,401,44.6,0,2,2,10,14,7,17,0,36:30,40,16,24,0,137,676,4.9,6,62,285,4.6,3,68,50,391,3,2,5.8,7.8,73.5,89.77,27,11,40.7,6,2,33.3,7,6,0,0,7,47,0,0,7,68,6,8,8,345,43.1,2,0,-2,66.7,0,85.7,0,7,7,0,0,0,0,0,3,2,6,6,0,0,0,0,0,2,2,99,39,7,68,6,0,0,58,26,0,0,8,1,0,2,13
1,2023,HOU,377,353,730,61,116,57,101,42,30:46,329,84,215,30,1083,5820,5.4,40,444,1647,3.7,10,592,372,4173,27,8,7.0,11.2,62.8,93.39,232,88,37.9,21,8,38.1,53,29,0,0,114,937,18,6,47,405,112,105,80,3735,46.7,14,24,10,71,64,102,79,37,31:50,332,110,185,37,1079,5622,5.2,37,468,1643,3.5,19,565,382,3979,17,14,7.0,10.4,67.6,87.47,227,81,35.7,29,16,55.2,54,28,0,0,100,805,19,10,46,355,89,97,73,3453,47.3,24,14,-10,54.7,0,51.9,0,33,31,0,11,1,1,1,38,34,29,27,0,10,4,2,2,36,30,711,426,46,355,70,15,10,690,386,47,405,73,10,6,17,13
2,2023,HOU,40,50,90,7,13,13,7,0,28:52,38,8,27,3,170,686,4.0,5,75,252,3.4,2,91,52,434,3,1,4.8,8.3,57.1,75.98,43,14,32.6,5,2,40.0,8,5,0,0,15,110,3,1,4,38,23,21,19,879,46.3,2,3,1,10,21,10,9,0,32:08,50,18,29,3,195,910,4.7,6,84,374,4.5,2,104,64,536,4,3,5.2,8.4,61.5,75.64,47,20,42.6,6,3,50.0,7,6,0,0,13,90,1,0,7,49,6,8,17,782,46,3,2,-1,62.5,0,85.7,0,5,4,0,0,0,0,0,2,2,5,5,0,1,0,0,0,4,3,135,51,7,49,15,1,0,97,52,4,38,11,2,1,3,13
2,2023,IND,70,53,123,7,24,13,26,0,31:43,71,23,39,9,190,1025,5.4,9,93,346,3.7,6,92,64,679,2,2,7.4,10.6,69.6,88.99,33,14,42.4,6,1,16.7,11,8,0,0,16,152,2,0,5,29,14,15,9,436,48.4,2,4,2,17,13,10,13,0,29:17,55,16,36,3,200,935,4.7,6,77,257,3.3,3,113,73,678,3,1,6,9.3,64.6,86.08,43,17,39.5,8,4,50.0,6,4,0,0,24,173,3,3,10,72,13,6,9,395,43.9,4,2,-2,72.7,0,66.7,0,6,5,0,3,0,1,1,4,3,6,5,0,0,0,0,0,4,4,125,81,10,72,16,3,3,131,79,5,29,5,1,0,3,14
1,2023,IND,396,415,811,86,108,78,88,36,29:28,324,113,178,33,1094,5725,5.2,42,479,2059,4.3,19,574,355,3666,18,10,6.4,10.3,61.8,83.43,232,82,35.3,32,16,50.0,57,28,0,0,95,685,21,12,41,216,108,94,68,3281,48.2,22,24,2,98,115,76,104,22,32:44,346,123,192,31,1137,5947,5.2,44,518,2105,4.1,22,568,370,3842,21,15,6.8,10.4,65.1,85.87,240,89,37.1,26,17,65.4,52,29,0,0,100,843,23,9,51,315,80,65,72,3335,46.3,24,22,-2,49.1,0,55.8,0,36,35,0,10,4,0,0,41,33,42,39,0,1,0,0,0,41,36,754,394,51,315,69,17,9,696,441,41,216,79,16,12,17,14
1,2023,JAX,377,371,748,61,106,104,106,0,31:55,336,98,199,39,1114,5772,5.2,41,453,1646,3.6,17,620,412,4126,22,14,6.7,10.0,66.5,87.61,228,87,38.2,29,13,44.8,52,26,0,0,83,644,28,16,41,251,107,73,61,2893,47.4,30,27,-3,43,109,104,112,3,30:34,314,99,198,17,1078,5828,5.4,44,421,1752,4.2,15,617,404,4076,27,16,6.6,10.1,65.5,87.96,230,84,36.5,41,21,51.2,52,29,0,0,108,961,19,11,40,279,92,83,71,3335,47.0,27,30,3,50.0,0,55.8,0,35,35,0,7,1,2,2,37,30,42,42,0,4,1,0,0,26,21,674,366,40,279,84,12,11,736,356,41,251,73,20,16,17,15
2,2023,JAX,84,48,132,11,32,20,21,0,32:00,68,23,39,6,196,1226,6.3,11,97,420,4.3,7,94,62,806,4,2,8.6,13,66.0,98.09,36,18,50.0,5,2,40.0,14,10,0,0,22,162,4,2,5,22,15,13,8,391,48.9,4,7,3,3,10,16,19,0,25:09,52,12,32,8,175,819,4.7,6,65,253,3.9,3,104,67,566,3,4,5.4,8.4,64.4,72.04,36,8,22.2,8,8,100,9,6,0,0,16,118,4,3,6,54,13,10,14,679,48.5,7,4,-3,71.4,0,66.7,0,6,5,0,9,2,0,0,3,3,4,3,0,3,0,0,0,3,3,110,62,6,54,15,3,3,118,83,5,22,12,1,2,3,15
2,2023,KC,95,68,163,10,30,42,13,0,30:42,67,13,48,6,188,1242,6.6,12,61,282,4.6,2,122,78,960,10,5,7.9,12.3,63.9,98.39,35,15,42.9,1,0,0,14,11,0,0,23,219,3,0,5,38,18,16,11,504,45.8,5,3,-2,36,17,3,12,0,30:18,60,12,38,10,197,918,4.7,8,75,239,3.2,2,115,69,679,4,2,5.9,9.8,60.0,81.03,43,15,34.9,2,1,50.0,9,5,0,0,23,226,3,1,7,54,10,8,18,854,47.4,3,5,2,78.6,0,55.6,0,11,11,0,2,0,0,0,4,4,6,6,0,1,0,1,1,5,4,119,69,7,54,13,1,1,109,64,5,38,21,1,0,3,16
3,2023,KC,95,63,158,17,32,20,20,6,33:44,92,29,53,10,274,1544,5.6,9,120,512,4.3,3,149,104,1032,6,1,6.9,9.9,69.8,99.73,57,24,42.1,4,3,75.0,19,8,0,0,16,145,12,3,5,19,25,15,15,715,47.7,4,6,2,10,31,7,12,3,31:00,79,29,46,4,265,1350,5.1,7,104,449,4.3,2,154,90,901,5,2,5.9,10.0,58.4,80.57,49,14,28.6,12,8,66.7,7,4,0,0,27,225,6,4,7,32,22,16,16,747,46.7,6,4,-2,42.1,0,57.1,0,8,8,0,0,0,0,0,11,11,7,6,1,0,0,0,0,6,5,143,104,7,32,20,5,4,160,138,5,19,7,7,2,4,16
1,2023,KC,371,294,665,71,151,70,58,21,30:28,350,107,216,27,1080,5972,5.5,39,417,1784,4.3,9,635,421,4188,28,17,6.6,9.9,66.3,88.36,220,96,43.6,20,10,50.0,61,33,0,0,96,845,20,11,28,195,125,87,59,2776,47.1,28,17,-11,54,114,41,71,14,30:32,300,107,169,24,1045,4926,4.7,32,432,1925,4.5,10,556,340,3001,19,8,5.4,8.8,61.2,80.93,224,83,37.1,28,13,46.4,50,25,0,0,73,604,23,9,57,351,112,62,79,3609,45.7,17,28,11,54.1,0,50.0,0,38,38,0,1,0,0,0,35,33,28,28,0,1,0,3,3,26,22,688,302,57,351,71,15,9,689,345,28,195,71,13,12,17,16
1,2023,LAC,346,398,744,60,112,49,98,27,29:57,319,89,204,26,1106,5599,5.1,36,431,1642,3.8,11,632,409,3957,24,8,6.3,9.7,64.7,89.48,237,91,38.4,32,15,46.9,47,27,0,0,79,725,26,13,43,355,88,82,75,3475,46.3,21,21,0,72,149,68,100,9,31:21,344,110,203,31,1113,6170,5.5,47,467,1924,4.1,18,598,389,4246,26,9,7.1,10.9,65.1,94.10,232,89,38.4,32,19,59.4,51,27,0,0,104,801,24,12,48,334,102,78,74,3595,48.6,21,21,0,57.4,0,52.9,0,35,35,0,2,1,0,0,33,31,46,44,0,2,0,0,0,27,24,733,324,48,334,83,15,12,740,345,43,355,85,21,13,17,29
2,2023,LAC,74,51,125,10,30,10,24,0,30:47,58,28,22,8,189,933,4.9,8,94,601,6.4,5,85,50,332,2,2,3.9,6.6,58.8,65.42,39,12,30.8,7,4,57.1,9,4,0,0,17,142,3,1,10,82,17,10,13,631,48.5,3,2,-1,6,20,16,9,0,30:13,48,15,27,6,179,912,5.1,5,74,285,3.9,3,99,57,627,2,1,6.3,11,57.6,78.98,39,13,33.3,1,1,100,11,5,0,0,29,307,3,1,6,47,18,17,18,822,45.7,2,3,1,44.4,0,45.5,0,8,8,0,0,0,0,0,6,6,4,3,0,2,0,0,0,7,6,106,71,6,47,17,1,1,124,69,10,82,14,1,1,3,29
3,2023,LAR,23,24,47,3,14,3,3,0,30:05,22,4,15,3,55,425,7.7,2,17,68,4,0,36,25,357,2,0,9.9,14.3,69.4,119.79,9,3,33.3,1,1,100,3,0,0,0,4,36,1,0,2,10,6,4,2,93,46.5,0,0,0,14,7,3,0,0,29:55,23,6,16,1,55,334,6.1,3,25,79,3.2,2,27,22,255,1,0,9.4,11.6,81.5,118.36,9,3,33.3,1,1,100,3,3,0,0,5,34,1,0,3,22,7,5,3,148,49.3,0,0,0,0,0,100,0,2,2,0,0,0,0,0,3,3,3,3,0,0,0,0,0,1,1,32,28,3,22,0,1,0,33,22,2,10,3,1,0,1,32
1,2023,LAR,404,377,781,84,116,83,112,9,31:48,351,110,206,35,1094,6108,5.6,44,477,2045,4.3,18,583,361,4063,26,13,7.0,11.3,61.9,88.30,226,95,42.0,21,13,61.9,55,35,0,0,89,720,10,5,34,237,91,75,63,3101,49.2,18,15,-3,73,110,53,115,26,30:35,329,108,193,28,1078,5744,5.3,41,433,1816,4.2,14,604,367,3928,24,10,6.5,10.7,60.8,86.16,228,88,38.6,30,16,53.3,48,26,0,0,105,986,14,5,41,267,90,78,65,2994,46.1,15,18,3,63.6,0,54.2,0,37,32,0,9,3,1,1,43,32,33,29,1,12,4,1,1,38,30,647,415,41,267,76,8,5,684,412,34,237,60,8,5,17,32
2,2023,LAR,34,109,143,0,17,14,3,0,28:56,45,14,22,9,160,646,4.0,4,63,246,3.9,2,90,53,400,1,3,4.4,7.5,58.9,59.49,34,8,23.5,0,0,0,5,3,0,0,23,215,2,0,7,60,14,11,19,1017,53.5,3,1,-2,27,40,7,35,0,32:04,78,28,41,9,208,1253,6.0,13,91,464,5.1,6,111,71,789,5,1,7.1,11.1,64.0,96.27,38,19,50.0,4,3,75.0,12,9,0,0,26,236,2,0,6,38,15,10,8,354,44.2,1,3,2,60.0,0,75.0,0,4,4,0,0,0,0,0,4,2,13,13,0,0,0,0,0,6,6,122,77,6,38,11,1,0,101,52,7,60,16,0,1,3,32
1,2023,LV,332,331,663,85,94,43,80,30,29:34,292,83,182,27,1010,4922,4.9,36,413,1542,3.7,11,557,348,3380,20,18,6.1,9.7,62.5,77.94,216,77,35.6,23,14,60.9,47,23,0,0,75,629,15,6,40,286,89,82,75,3783,50.4,24,22,-2,60,112,71,82,6,31:26,330,117,187,26,1089,5625,5.2,37,479,2015,4.2,15,564,376,3610,21,13,6.4,9.6,66.7,87.12,227,94,41.4,26,14,53.8,48,30,0,0,96,861,17,9,46,290,82,74,66,3143,47.6,22,24,2,48.9,0,62.5,0,32,32,0,5,1,1,1,30,26,36,34,1,2,0,0,0,30,25,728,420,46,290,56,14,10,623,359,40,286,78,7,6,17,25
2,2023,LV,84,55,139,14,33,20,17,0,29:12,60,16,39,5,179,1027,5.7,9,78,315,4.0,4,99,67,712,4,1,7.2,10.6,67.7,97.71,35,14,40.0,5,1,20.0,10,7,0,0,14,100,1,0,2,10,10,9,9,411,45.7,1,3,2,7,31,14,3,0,31:48,57,21,32,4,179,964,5.4,7,79,298,3.8,3,94,68,666,3,2,7.1,9.8,72.3,93.66,35,13,37.1,5,3,60.0,7,6,0,0,17,146,4,1,6,27,6,7,12,633,52.8,3,1,-2,70.0,0,85.7,0,9,9,0,0,0,0,0,7,7,7,7,0,0,0,0,0,5,2,111,75,6,27,7,2,1,117,62,2,10,13,0,0,3,25
3,2023,MIA,7,26,33,0,7,0,0,0,25:55,13,5,8,0,59,264,4.5,1,18,76,4.2,0,39,20,188,1,1,4.8,9.4,51.3,62.77,12,1,8.3,6,3,50.0,0,0,0,0,8,62,0,0,2,11,5,4,4,163,40.8,1,1,0,7,9,3,7,0,34:05,25,8,14,3,75,409,5.5,2,34,147,4.3,1,41,23,262,1,0,6.4,11.4,56.1,83.59,15,6,40.0,1,1,100,6,2,0,0,5,45,3,1,0,0,5,3,3,133,44.3,1,1,0,0,0,33.3,0,1,1,0,0,0,0,0,0,0,2,2,0,0,0,0,0,4,4,40,40,0,0,3,2,1,28,19,2,11,6,0,0,1,19
2,2023,MIA,49,53,102,10,17,13,9,0,32:00,64,20,37,7,186,1063,5.7,6,88,497,5.6,3,91,60,566,3,6,6.2,9.4,65.9,66.46,34,14,41.2,7,5,71.4,11,6,0,0,19,139,3,1,7,65,12,9,8,352,44,7,1,-6,0,26,14,13,0,25:09,48,15,29,4,155,826,5.3,7,66,264,4,4,83,51,562,1,0,6.8,11.0,61.4,85.52,30,8,26.7,6,3,50.0,9,4,0,0,18,130,2,1,6,38,20,17,12,568,47.3,1,7,6,54.5,0,44.4,0,4,4,0,3,0,0,0,3,3,7,5,0,0,0,0,0,2,2,96,61,6,38,11,1,1,132,54,7,65,17,2,1,3,19
1,2023,MIA,496,391,887,102,182,90,108,14,30:10,360,113,223,24,1053,6822,6.5,61,456,2308,5.1,27,566,393,4514,30,15,8.0,11.5,69.4,99.80,202,85,42.1,25,11,44.0,58,38,0,0,97,767,24,10,31,184,140,79,53,2424,45.7,25,27,2,76,114,51,129,21,30:50,321,109,186,26,1057,5411,5.1,48,433,1650,3.8,15,568,380,3761,27,15,6.6,9.9,66.9,90.27,216,84,38.9,30,14,46.7,54,35,0,0,96,719,19,12,56,371,63,81,67,3285,49.0,27,25,-2,65.5,0,64.8,0,59,58,0,4,0,0,0,28,24,46,45,0,4,2,0,0,21,18,688,366,56,371,81,15,12,702,342,31,184,66,8,10,17,19
1,2023,MIN,344,362,706,37,115,89,72,31,29:16,340,79,220,41,1071,5912,5.5,39,393,1553,4.0,7,631,424,4359,30,19,6.9,10.3,67.2,90.16,223,85,38.1,29,17,58.6,51,24,0,0,89,670,26,15,47,341,91,70,60,2900,48.3,34,22,-12,66,84,87,94,31,31:08,328,104,208,16,1095,5664,5.2,38,446,1678,3.8,14,606,426,3986,23,11,6.6,9.4,70.3,93.16,232,96,41.4,25,18,72.0,50,27,0,0,111,916,25,11,43,302,156,85,69,3346,48.5,22,34,12,47.1,0,54.0,0,38,36,1,2,1,0,0,30,24,35,32,1,1,0,2,2,36,32,737,427,43,302,67,22,11,724,337,47,341,91,20,14,17,20
2,2023,MIN,46,66,112,17,19,3,7,0,28:00,48,13,29,6,180,759,4.2,4,78,279,3.6,2,91,53,480,2,1,5.3,9.1,58.2,75.34,39,9,23.1,5,1,20.0,8,4,0,0,17,114,3,1,11,74,12,6,17,810,47.6,2,4,2,10,7,26,23,0,32:00,52,27,20,5,183,981,5.4,8,99,526,5.3,3,79,51,455,5,2,5.8,8.9,64.6,90.43,39,15,38.5,1,1,100,9,5,0,0,18,148,6,2,5,42,20,18,14,633,45.2,4,2,-2,50.0,0,55.6,0,4,4,0,0,0,0,0,7,6,7,6,0,2,0,0,0,5,4,122,70,5,42,11,3,2,115,68,11,74,15,0,1,3,20
1,2023,NE,236,366,602,40,67,43,69,17,28:03,261,93,153,15,1020,4696,4.6,27,415,1627,3.9,9,557,351,3069,16,21,5.5,8.7,63.0,71.42,222,67,30.2,25,9,36.0,36,21,0,0,89,676,20,8,48,323,78,80,98,4598,46.9,29,18,-11,86,109,46,105,20,32:57,305,100,181,24,1091,5127,4.7,38,480,1584,3.3,14,575,370,3543,19,10,6.2,9.6,64.3,85.15,237,86,36.3,19,10,52.6,52,24,0,0,75,544,24,8,36,248,92,82,86,4042,47,18,29,11,58.3,0,46.2,0,25,24,0,3,0,0,0,25,16,32,31,0,10,5,1,1,38,31,702,404,36,248,66,15,7,674,342,48,323,90,14,8,17,21
2,2023,NE,37,60,97,10,14,7,6,0,24:08,36,15,13,8,145,488,3.4,5,64,229,3.6,4,70,40,259,1,0,3.7,6.5,57.1,69.88,32,11,34.4,4,2,50.0,5,4,0,0,15,158,4,2,11,69,8,9,16,781,48.8,2,5,3,13,24,6,17,0,32:23,60,21,33,6,182,973,5.3,7,102,371,3.6,2,77,53,602,5,3,7.8,11.4,68.8,97.43,39,18,46.2,2,2,100,9,6,0,0,22,161,5,2,3,21,16,15,9,421,46.8,5,2,-3,80.0,0,66.7,0,4,4,0,1,0,0,0,1,1,7,6,0,0,0,0,0,5,4,120,77,3,21,7,2,2,96,49,11,69,9,4,2,3,21
5,2023,NFC,64,59,123,0,0,0,64,0,0:00,0,0,0,0,0,0,0,0,0,0,0,0,0,0,0,0,0,0,0,0,0,0,0,0,0,0,0,0,0,0,0,0,0,0,0,0,0,0,0,0,0,0,0,0,0,0,0,0,59,0,0:00,0,0,0,0,0,0,0,0,0,0,0,0,0,0,0,0,0,0,0,0,0,0,0,0,0,0,0,0,0,0,0,0,0,0,0,0,0,0,0,0,0,0,0,0,0,0,0,0,0,0,0,0,0,0,0,0,0,0,0,0,0,0,0,0,0,0,0,0,0,0,0,0,0,0,0,0,0,0,0,0,0,1,37
2,2023,NO,61,58,119,14,23,6,18,0,33:32,52,13,36,3,212,1021,4.8,5,75,247,3.3,1,130,79,774,4,3,6.0,9.8,60.8,78.17,53,20,37.7,3,1,33.3,10,4,0,0,25,237,0,0,7,45,15,12,21,919,43.8,3,5,2,7,20,21,10,0,27:28,47,11,32,4,188,890,4.7,7,70,334,4.8,3,108,58,556,4,4,5.1,9.6,53.7,65.20,44,13,29.5,7,2,28.6,10,7,0,0,17,132,4,1,10,85,21,16,19,874,46,5,3,-2,40.0,0,70.0,0,4,4,0,1,0,0,0,10,9,7,7,0,0,0,0,0,3,3,108,59,10,85,22,2,1,132,74,7,45,22,0,0,3,22
1,2023,NO,402,327,729,67,104,88,119,24,31:10,337,112,199,26,1121,5732,5.1,44,480,1742,3.6,13,606,406,3990,28,11,6.6,9.8,67.0,93.19,235,91,38.7,19,9,47.4,60,32,0,0,96,846,13,7,35,235,76,70,75,3224,43.0,18,29,11,85,100,32,93,17,29:50,300,100,167,33,1054,5562,5.3,34,462,2038,4.4,10,558,333,3524,22,18,6.3,10.6,59.7,77.83,226,78,34.5,26,11,42.3,47,24,0,0,102,775,16,11,34,244,78,77,73,3290,45.1,29,18,-11,53.3,0,51.1,0,40,40,0,4,2,2,2,37,30,29,29,0,10,2,0,0,35,30,627,400,34,244,99,8,11,706,443,35,235,68,12,7,17,22
1,2023,NYG,266,407,673,25,88,72,75,6,30:33,267,97,141,29,1057,4760,4.5,29,454,1874,4.1,10,518,338,2886,15,12,5.6,8.5,65.3,79.67,248,75,30.2,37,18,48.6,43,19,0,0,89,711,26,7,85,465,83,76,95,4371,46.0,19,31,12,85,104,92,93,33,31:40,352,134,191,27,1091,6149,5.6,48,475,2251,4.7,24,582,371,3898,21,18,6.7,10.5,63.7,82.25,216,80,37.0,19,10,52.6,59,36,0,0,99,822,26,13,34,259,131,130,72,3525,49.0,31,19,-12,44.2,0,61.0,0,25,24,0,5,0,1,1,31,22,46,42,0,1,0,1,1,32,25,692,368,34,259,81,19,13,728,354,85,465,71,12,8,17,23
2,2023,NYG,61,72,133,13,34,3,11,0,29:17,52,12,33,7,185,827,4.5,6,79,266,3.4,2,94,65,561,4,2,6.0,8.6,69.1,89.89,41,14,34.1,6,2,33.3,5,4,0,0,23,219,1,0,12,63,13,12,13,613,47.2,2,2,0,17,3,17,35,0,31:43,53,15,33,5,182,864,4.7,8,80,239,3.0,2,98,58,625,4,2,6.4,10.8,59.2,83.08,38,17,44.7,5,1,20.0,9,5,0,0,18,155,0,0,4,14,17,27,11,490,44.5,2,2,0,80.0,0,55.6,0,5,5,0,0,0,1,1,6,6,5,5,0,6,2,0,0,5,5,104,71,4,14,17,0,0,120,66,12,63,13,1,0,3,23
2,2023,NYJ,81,58,139,23,26,3,29,0,28:30,63,18,40,5,225,1104,4.9,8,95,340,3.6,1,127,80,764,6,3,6.0,9.6,63.0,85.55,50,18,36.0,5,2,40.0,12,7,0,0,27,236,5,2,3,15,23,31,16,730,45.6,5,5,0,0,30,10,18,0,32:30,72,23,41,8,249,1156,4.6,6,112,421,3.8,2,123,85,735,4,3,6.0,8.6,69.1,85.25,56,22,39.3,6,4,66.7,5,3,0,0,27,262,6,2,14,76,8,13,18,883,49.1,5,5,0,58.3,0,60.0,0,7,7,0,2,1,0,0,9,8,5,5,0,0,0,1,1,8,5,171,87,14,76,13,4,2,127,117,3,15,19,4,2,4,24
1,2023,NYJ,268,355,623,47,81,41,84,15,29:09,260,77,156,27,1053,4566,4.3,22,388,1647,4.2,7,601,356,2919,11,15,4.9,8.2,59.2,67.38,235,61,26.0,29,17,58.6,37,12,0,0,124,945,32,18,64,454,107,99,99,4831,48.8,33,27,-6,86,122,54,66,27,31:08,298,111,150,37,1087,4969,4.6,36,517,2108,4.1,14,522,313,2861,19,17,5.5,9.1,60.0,73.45,242,90,37.2,16,7,43.8,49,24,0,0,93,780,32,10,48,321,131,95,92,4140,45,27,33,6,32.4,0,49.0,0,17,16,0,3,1,2,2,39,36,34,31,0,0,0,2,2,39,34,705,397,48,321,90,14,10,669,338,64,454,89,24,17,17,24
1,2023,PHI,433,428,861,90,97,89,120,37,31:08,377,149,197,31,1112,6024,5.4,49,510,2190,4.3,22,563,369,3834,24,16,6.8,10.4,65.5,87.44,225,108,48.0,26,19,73.1,60,36,0,0,95,784,22,12,39,233,106,73,52,2537,48.8,28,18,-10,50,149,78,125,26,30:40,364,111,222,31,1105,6054,5.5,51,410,1758,4.3,14,652,425,4296,35,9,6.6,10.1,65.2,96.00,233,108,46.4,34,19,55.9,59,39,0,0,107,810,22,9,43,255,66,78,59,2783,47.2,18,28,10,60.0,0,66.1,0,46,45,0,2,0,1,1,32,30,45,45,0,9,3,1,1,26,23,686,350,43,255,74,16,8,736,350,39,233,80,16,12,17,26
2,2023,PHI,50,65,115,16,13,7,14,0,28:07,53,18,32,3,207,926,4.5,5,73,304,4.2,3,121,68,622,1,1,5.1,9.1,56.2,69.65,45,16,35.6,11,5,45.5,5,2,0,0,26,150,4,3,13,87,13,12,11,455,41.4,4,4,0,9,26,21,9,0,32:53,66,22,38,6,211,1064,5.0,6,92,370,4.0,2,116,65,694,4,2,6.0,10.7,56.0,78.02,48,23,47.9,4,3,75.0,9,5,0,0,17,153,5,2,3,2,21,17,14,703,50.2,4,4,0,40.0,0,55.6,0,3,3,0,4,1,0,0,6,5,6,6,0,0,0,0,0,8,7,125,76,3,2,15,2,2,123,69,13,87,15,3,3,3,26
3,2023,PHI,9,32,41,0,9,0,0,0,25:57,13,3,9,1,53,276,5.2,1,15,42,2.8,0,35,25,234,1,0,6.7,9.4,71.4,98.99,9,0,0,2,0,0,2,1,0,0,6,54,2,0,3,16,6,6,4,188,47,0,0,0,10,6,9,7,0,34:03,23,9,13,1,69,426,6.2,3,29,119,4.1,0,36,22,307,3,0,8.5,14.0,61.1,116.32,14,6,42.9,2,1,50.0,1,0,0,0,5,25,0,0,4,30,6,5,3,124,41.3,0,0,0,50.0,0,0,0,0,0,0,1,0,0,0,1,1,3,3,0,0,0,0,0,3,3,42,25,4,30,2,0,0,37,10,3,16,5,1,0,1,26
3,2023,PIT,17,31,48,0,7,3,7,0,26:41,22,6,14,2,63,324,5.1,2,23,106,4.6,0,39,22,218,2,1,5.6,9.9,56.4,78.79,11,5,45.5,1,0,0,3,2,0,0,6,50,2,1,1,11,3,5,4,154,38.5,2,0,-2,14,7,3,7,0,33:19,24,11,11,2,66,368,5.6,4,34,179,5.3,1,30,21,189,3,0,6.3,9,70.0,120.00,12,5,41.7,1,1,100,3,2,0,0,2,24,0,0,2,14,6,3,3,144,48,0,2,2,66.7,0,66.7,0,2,2,0,0,0,0,0,1,1,4,4,0,0,0,0,0,3,1,38,30,2,14,2,0,0,33,27,1,11,8,2,1,1,28
2,2023,PIT,78,32,110,38,24,16,0,0,31:58,57,19,28,10,186,882,4.7,9,99,388,3.9,5,79,52,494,4,2,6.3,9.5,65.8,89.32,41,17,41.5,2,1,50.0,10,5,0,0,15,109,5,1,8,78,15,17,15,647,43.1,3,8,5,0,7,0,25,0,29:02,52,9,38,5,181,860,4.8,4,65,178,2.7,1,106,74,682,3,4,6.4,9.2,69.8,80.78,35,13,37.1,3,0,0,7,4,0,0,32,292,4,4,10,56,17,18,17,796,46.8,8,3,-5,50.0,0,57.1,0,9,9,0,0,0,0,0,6,5,3,3,0,0,0,1,1,1,1,126,64,10,56,13,4,4,125,80,8,78,9,2,1,3,28
1,2023,PIT,304,324,628,61,88,67,88,0,30:39,287,115,153,19,1029,5173,5.0,31,487,2010,4.1,16,506,323,3163,13,9,6.3,9.8,63.8,82.48,232,85,36.6,19,9,47.4,42,20,0,0,86,753,23,7,36,258,107,83,89,3914,44.0,16,27,11,70,124,71,59,0,30:21,311,95,186,30,1074,5816,5.4,32,454,1956,4.3,9,573,348,3860,23,16,6.7,11.1,60.7,82.51,233,91,39.1,18,8,44.4,50,23,0,0,90,741,26,11,47,304,91,90,76,3594,47.3,27,16,-11,47.6,0,46.0,0,28,27,0,5,1,0,0,31,29,26,24,1,6,3,3,3,37,32,702,342,47,304,80,19,11,628,468,36,258,66,14,7,17,28
1,2023,SEA,364,402,766,84,92,79,100,9,27:54,317,93,189,35,995,5490,5.5,37,382,1580,4.1,11,575,371,3910,23,12,6.8,10.5,64.5,88.82,207,75,36.2,16,6,37.5,54,26,0,0,111,954,8,5,38,257,97,99,66,3303,50.0,17,19,2,78,114,61,112,37,33:21,380,143,202,35,1147,6313,5.5,45,515,2352,4.6,24,585,390,3961,21,11,6.8,10.2,66.7,89.98,231,107,46.3,26,13,50.0,56,34,0,0,103,824,17,8,47,298,95,73,60,2879,48.0,19,17,-2,48.1,0,60.7,0,33,33,0,5,2,0,0,42,35,44,43,0,2,1,0,0,35,29,742,443,47,298,77,13,8,644,322,38,257,74,5,5,17,30
2,2023,SEA,61,46,107,3,28,10,20,0,28:51,46,19,24,3,167,969,5.8,7,76,321,4.2,3,88,59,648,4,2,7.4,11.0,67.0,94.32,37,14,37.8,1,0,0,9,6,0,0,22,175,4,0,3,17,15,21,15,679,45.3,2,2,0,6,23,10,7,0,32:09,58,20,32,6,201,883,4.4,5,97,341,3.5,2,98,63,542,3,1,5.5,8.6,64.3,84.65,45,19,42.2,8,3,37.5,8,5,0,0,16,120,2,1,6,44,8,10,13,647,49.8,2,2,0,66.7,0,62.5,0,6,6,0,2,1,0,0,4,3,5,4,1,0,0,0,0,4,4,130,90,6,44,12,0,1,111,61,3,17,14,3,0,3,30
2,2023,SF,40,77,117,9,7,12,12,0,29:47,54,15,36,3,173,1015,5.9,5,72,293,4.1,1,94,60,722,4,4,7.7,12.0,63.8,83.73,30,10,33.3,2,0,0,7,4,0,0,22,186,6,3,7,42,12,14,13,543,41.8,7,0,-7,17,13,27,20,0,31:13,51,24,24,3,179,893,5.0,8,101,552,5.5,4,73,49,341,4,0,4.7,7.0,67.1,95.75,40,15,37.5,5,2,40.0,12,7,0,0,13,111,4,0,5,31,12,9,13,688,52.9,0,7,7,57.1,0,58.3,0,3,1,0,4,0,0,0,5,3,8,8,0,0,0,0,0,7,7,141,45,5,31,13,2,0,106,64,7,42,14,4,3,3,31
3,2023,SF,80,77,157,0,24,24,29,3,33:28,65,23,39,3,201,1151,5.7,9,88,376,4.3,5,109,67,775,4,1,7.1,11.6,61.5,91.34,40,19,47.5,2,1,50.0,8,6,0,0,15,143,2,2,4,20,18,15,10,489,48.9,3,5,2,17,16,25,13,6,32:31,72,27,41,4,213,1227,5.8,8,87,448,5.1,3,121,80,779,5,3,6.4,9.7,66.1,87.45,44,22,50.0,5,2,40.0,15,7,0,0,9,75,8,2,5,21,23,10,8,404,50.5,5,3,-2,75.0,0,46.7,0,9,8,1,0,0,0,0,8,6,6,6,0,2,1,0,0,8,7,136,79,5,21,7,4,2,108,89,4,20,13,1,2,3,31
1,2023,SF,491,298,789,115,152,97,127,0,31:08,383,147,207,29,1024,6773,6.6,61,499,2389,4.8,27,491,336,4384,33,12,8.9,13.0,68.4,108.53,179,85,47.5,13,7,53.8,67,45,0,0,101,933,17,6,34,193,122,80,52,2480,47.7,18,28,10,63,96,79,60,0,29:52,319,97,190,32,1038,5167,5.0,31,369,1525,4.1,10,621,410,3642,20,22,5.9,8.9,66.0,77.51,215,88,40.9,28,14,50.0,44,24,0,0,94,762,16,6,48,307,77,69,62,3049,49.2,28,18,-10,67.2,0,54.5,0,61,60,0,0,0,0,0,25,21,25,23,0,9,1,0,0,33,29,684,348,48,307,83,10,6,649,411,34,193,60,10,6,17,31
1,2023,TB,348,325,673,32,113,65,101,37,29:25,300,79,188,33,1047,5321,5.1,37,439,1509,3.4,8,568,364,3812,28,10,6.7,10.5,64.1,92.55,236,98,41.5,18,12,66.7,48,22,0,0,100,751,21,8,40,232,84,91,77,3854,50.1,18,26,8,63,83,69,71,39,31:35,337,101,213,23,1081,5852,5.4,34,422,1620,3.8,11,611,404,4232,23,13,6.9,10.5,66.1,89.73,225,92,40.9,25,12,48.0,54,23,0,0,93,762,26,13,48,336,79,68,65,3051,46.9,26,18,-8,45.8,0,42.6,0,33,33,0,8,2,0,0,31,29,26,26,0,11,1,2,2,36,29,698,389,48,336,64,18,12,647,386,40,232,89,14,8,17,33
3,2023,TB,55,40,95,13,13,16,13,0,31:02,46,13,31,2,129,834,6.5,6,44,208,4.7,0,77,48,626,6,2,8.1,13.0,62.3,103.06,26,10,38.5,3,2,66.7,4,3,0,0,10,58,0,0,8,60,11,9,7,331,47.3,2,0,-2,3,16,7,14,0,29:58,39,8,27,4,124,667,5.4,5,41,156,3.8,2,78,55,511,3,0,6.6,9.3,70.5,100.96,23,6,26.1,3,1,33.3,6,4,0,0,9,71,2,0,5,26,14,10,9,406,45.1,0,2,2,75.0,0,66.7,0,5,5,0,2,0,0,0,5,4,4,4,0,1,0,0,0,2,2,83,32,5,26,9,1,0,78,41,8,60,7,0,0,2,33
2,2023,TB,56,53,109,14,20,3,19,0,33:15,58,12,41,5,204,1038,5.1,5,91,296,3.3,0,105,73,742,5,1,7.1,10.2,69.5,101.37,45,16,35.6,4,2,50.0,9,4,0,0,23,217,6,1,8,41,18,10,15,686,45.7,2,6,4,14,19,13,7,0,27:45,51,13,34,4,171,969,5.7,5,65,334,5.1,2,98,59,635,3,3,6.5,10.8,60.2,76.70,36,12,33.3,2,0,0,7,2,0,0,17,146,8,3,8,55,13,20,14,671,47.9,6,2,-4,44.4,0,28.6,0,5,5,0,0,0,0,0,9,7,5,5,0,0,0,0,0,7,6,108,60,8,55,14,6,3,139,74,8,41,9,2,1,3,33
2,2023,TEN,64,46,110,20,17,10,17,0,35:38,59,28,28,3,196,1092,5.6,7,108,570,5.3,4,76,50,522,3,5,6.9,10.4,65.8,71.27,42,19,45.2,2,1,50.0,10,5,0,0,19,128,8,3,12,48,14,17,10,531,53.1,8,4,-4,14,16,6,10,0,25:22,36,10,20,6,153,678,4.4,4,72,246,3.4,2,70,40,432,2,1,6.2,10.8,57.1,78.99,36,10,27.8,3,1,33.3,7,2,0,0,16,132,5,3,11,68,18,13,17,834,49.1,4,8,4,50.0,0,28.6,0,7,7,0,0,0,0,0,7,5,4,4,0,0,0,0,0,6,6,104,63,11,68,12,4,3,132,90,12,48,11,5,3,3,34
1,2023,TEN,305,367,672,58,118,59,64,6,30:52,298,103,158,37,1002,4913,4.9,31,444,1846,4.2,16,494,304,3067,14,11,6.2,10.1,61.5,79.40,212,71,33.5,20,11,55.0,48,23,0,0,110,882,19,9,64,445,84,90,79,4008,50.7,20,14,-6,62,97,88,111,9,31:27,334,103,189,42,1096,5697,5.2,33,480,1831,3.8,10,571,387,3866,20,6,6.8,10.0,67.8,94.07,231,89,38.5,21,12,57.1,61,23,0,0,98,776,19,8,45,315,148,98,69,3231,46.8,14,20,6,47.9,0,37.7,0,30,28,0,2,1,0,0,30,29,30,29,1,4,1,0,0,47,46,742,408,45,315,55,12,8,629,396,64,445,79,11,9,17,34
1,2023,WAS,329,518,847,36,104,60,109,20,30:38,321,99,190,32,1060,5317,5.0,39,359,1592,4.4,15,636,407,3725,24,21,5.9,9.2,64.0,78.64,216,77,35.6,29,16,55.2,49,31,0,0,87,701,21,11,65,449,84,86,73,3361,46.0,32,18,-14,125,144,66,163,20,31:43,364,121,218,25,1117,6612,5.9,59,480,2155,4.5,15,598,396,4457,39,8,7.5,11.3,66.2,104.49,226,94,41.6,21,13,61.9,60,34,0,0,99,827,16,10,39,170,133,82,62,2963,47.8,18,32,14,63.3,0,56.7,0,35,32,1,3,1,2,2,24,19,54,53,0,5,1,2,2,39,35,716,411,39,170,78,9,10,641,397,65,449,98,15,11,17,35
2,2023,WAS,67,62,129,3,35,13,16,0,31:28,68,19,44,5,200,1076,5.4,8,78,390,5,1,114,79,686,7,3,6.0,8.7,69.3,94.41,38,17,44.7,3,2,66.7,8,6,0,0,14,134,3,1,8,58,11,7,10,473,47.3,4,5,1,16,10,14,22,0,29:32,63,19,38,6,187,1044,5.6,8,82,355,4.3,0,103,69,689,8,4,6.7,10.0,67.0,95.49,35,17,48.6,3,1,33.3,7,5,0,0,16,125,1,1,2,18,18,9,11,576,52.4,5,4,-1,75.0,0,71.4,0,7,7,0,2,0,0,0,4,4,6,6,0,4,0,0,0,3,2,128,59,2,18,17,1,1,125,83,8,58,17,2,1,3,35
